type,name,url,app_id,seed_policy_url
website,contacthelp-com,https://contacthelp.com/,,https://www.contacthelp.com/privacy-policy
website,flextronics-com,https://flextronics.com/,,https://flex.com/privacy-policy
website,localreputationreport-com,https://localreputationreport.com/,,http://www.godaddy.com/agreements/ShowDoc.aspx?pageid=privacy_parkedpage
website,freeurllink-com,https://freeurllink.com/,,http://www.freeurllink.com/privacy_policy.htm
website,fashionbloginc-com,https://fashionbloginc.com/,,http://www.marquisoffashion.com/privacy
website,smash-gg,https://smash.gg/,,https://smash.gg/about/privacy
website,plugim-com,https://plugim.com/,,http://www.plugim.com/privacy
website,thetopspace-com,https://thetopspace.com/,,http://thetopspace.com/index.php/Table/Privacy-Policy
website,beautycarechoices-com,https://beautycarechoices.com/,,http://www.beautycarechoices.com/about/terms.php
website,khl-com,https://khl.com/,,https://www.khl.com/privacy-policy
website,bookrenter-com,https://bookrenter.com/,,http://www.bookrenter.com/help.php?section=business
website,cricket-365-co-in,https://cricket-365.co.in/,,http://ww4.cricket-365.co.in/privacy_policy.php
website,pwcgov-org,https://pwcgov.org/,,http://www.pwcgov.org/common/privacy.htm
website,thegreatmovie-com,https://thegreatmovie.com/,,http://www.godaddy.com/agreements/ShowDoc.aspx?pageid=privacy_parkedpage
website,plot-generator-org-uk,https://plot-generator.org.uk/,,https://masterpiece-generator.org.uk/data-protection-and-privacy
website,autoclipping-com,https://autoclipping.com/,,https://autoclipping.com/privacy-policy
website,thevideoink-com,https://thevideoink.com/,,https://thevideoink.com/privacy-policy
website,imgbox-com,https://imgbox.com/,,https://imgbox.com/privacy
website,sksawi-info,https://sksawi.info/,,http://ww43.sksawi.info/privacy_policy.php
website,allsaints-com,https://allsaints.com/,,https://www.allsaints.com/privacy_policy
website,valleyvet-com,https://valleyvet.com/,,https://www.valleyvet.com/si_privacy.html
website,coolpinoysites-com,https://coolpinoysites.com/,,http://www.cheflogrorecipes.com/privacy-policy
website,idp-com,https://idp.com/,,https://www.idp.com/global/privacy-policy
website,downloadpost-com,https://downloadpost.com/,,http://www.downloadpost.com/pg_privacy.html
website,aqworlds-com,https://aqworlds.com/,,https://www.artix.com/policy-privacy
website,gamez4tops-com,https://gamez4tops.com/,,http://gamez4tops.com/privacy.html
website,anjolee-com,https://anjolee.com/,,http://www.anjolee.com/PrivacyPolicy.aspx
website,keynote-com,https://keynote.com/,,https://policies.google.com/privacy
website,joker-com,https://joker.com/,,https://joker.com/index.joker?mode=page&page=impressum#privacy
website,never-no,https://never.no/,,http://never.no/privacy-policy
website,irelease-org,https://irelease.org/,,http://irelease.org/privacy-policy
website,eatthis-today,https://eatthis.today/,,http://eatthis.today/privacy-policy
website,e-7-net,https://e-7.net/,,http://www.godaddy.com/agreements/ShowDoc.aspx?pageid=privacy_parkedpage
website,craigslist-org,https://craigslist.org/,,https://www.craigslist.org/about/privacy.policy
website,smackapp-com,https://smackapp.com/,,http://smackapp.com/privacy-policy
website,1apps-com,https://1apps.com/,,http://1apps.com/privacy.aspx
website,audiworld-com,https://audiworld.com/,,https://www.internetbrands.com/privacy/privacy-highlights.html?site=AudiWorld.com
website,bookmarkdaily-info,https://bookmarkdaily.info/,,http://bookmarkdaily.info/privacy
website,prada-com,https://prada.com/,,https://www.prada.com/us/en/info/privacy-policy.html
website,mynameislogan-com,https://mynameislogan.com/,,http://whoisprivacyprotect.com/terms/privacy.html
website,carolinamls-com,https://carolinamls.com/,,http://www.carolinarealtors.com/privacypolicy.aspx
website,thieme-connect-com,https://thieme-connect.com/,,https://www.thieme.de/de/thieme-gruppe/privacy-policy-statement-Thieme-EN.htm
website,yaoibl-blogspot-com,https://yaoibl.blogspot.com/,,https://accounts.google.com/TOS?loc=&hl=en&privacy=true
website,bravotube-net,https://bravotube.net/,,http://www.bravotube.net/privacy.php
website,mmail-com-my,https://mmail.com.my/,,https://www.malaymail.com/policy
website,markarticles-com,https://markarticles.com/,,http://www.markarticles.com/privacy.php
website,gamingassassin-com,https://gamingassassin.com/,,https://eula.mindspark.com/privacypolicy
website,goldencan-com,https://goldencan.com/,,http://www.goldencan.com/privacy.aspx
website,learningtoearnonline-com,https://learningtoearnonline.com/,,https://www.surefirewealth.com/privacy-policy
website,ao-com,https://ao.com/,,https://ao.com/help-and-advice/Help-With-My-Product/Privacy-and-Security
website,pagalworlds-in,https://pagalworlds.in/,,http://www.indiastates.in/privacy-policy
website,strandbooks-com,https://strandbooks.com/,,http://www.strandbooks.com/help/?s=privacy
website,delltechnologies-com,https://delltechnologies.com/,,https://www.dell.com/learn/us/en/uscorp1/policies-privacy
website,megadironline-com,https://megadironline.com/,,http://www.godaddy.com/agreements/ShowDoc.aspx?pageid=privacy_parkedpage
website,avafymm-com,https://avafymm.com/,,http://whoisprivacyprotect.com/terms/privacy.html
website,r4p3-net,https://r4p3.net/,,https://r4p3.net/help/privacy-statement
website,swaptree-com,https://swaptree.com/,,http://www.godaddy.com/agreements/ShowDoc.aspx?pageid=privacy_parkedpage
website,tvsrilankan-info,https://tvsrilankan.info/,,http://www.tvsrilankan.info/?nav=privacy
website,vanik-com,https://vanik.com/,,http://www.vanik.com/vanik_privacy_policy
website,grammar-cl,https://grammar.cl/,,https://www.grammar.cl/privacy.htm
website,clickmovement-org,https://clickmovement.org/,,http://whoisprivacyprotect.com/terms/privacy.html
website,shillingtoneducation-com,https://shillingtoneducation.com/,,https://www.shillingtoneducation.com/privacy-notice
website,befunky-com,https://befunky.com/,,https://www.befunky.com/privacy
website,tema12-com,https://tema12.com/,,http://www.tema12.com/privacy_policy
website,traderslog-com,https://traderslog.com/,,http://www.traderslog.com/privacy
website,fordvehicles-com,https://fordvehicles.com/,,http://www.ford.com/help/privacy
website,edomz-com,https://edomz.com/,,http://www.edomz.com/privacy.php
website,sandiego-org,https://sandiego.org/,,https://www.sandiego.org/about/privacy-policy.aspx
website,porncontrol-com,https://porncontrol.com/,,http://www.godaddy.com/agreements/ShowDoc.aspx?pageid=privacy_parkedpage
website,thereceptionist-com,https://thereceptionist.com/,,https://thereceptionist.com/privacy-policy
website,itechu-com,https://itechu.com/,,https://www.hugedomains.com/privacy_policy.cfm
website,hdfcfund-com,https://hdfcfund.com/,,http://www.hdfcfund.com/privacy-policy
website,filesonic-ro,https://filesonic.ro/,,http://www.filesonic.com/privacy-policy
website,xtemos-com,https://xtemos.com/,,https://xtemos.com/privacy-policy
website,getvideostream-com,https://getvideostream.com/,,https://getvideostream.com/privacy
website,backlinkstate-com,https://backlinkstate.com/,,http://backlinkstate.com/page.php?page=privacy-policy
website,songsrip-com,https://songsrip.com/,,http://songspk.co/privacy-policy
website,shnoop-com,https://shnoop.com/,,http://www.shnoop.com/privacy-policy
website,terminallance-com,https://terminallance.com/,,https://terminallance.com/privacy-policy
website,rateyourmusic-com,https://rateyourmusic.com/,,https://rateyourmusic.com/privacy
website,showbizspy-com,https://showbizspy.com/,,https://www.showbizspy.com/privacy
website,projectawol-com,https://projectawol.com/,,http://www.projectawol.com/privacy-policy
website,voy-zone-com,https://voy-zone.com/,,http://voy-zone.com/privacy.html
website,webceo-com,https://webceo.com/,,https://www.webceo.com/privacy.htm
website,paid4share-net,https://paid4share.net/,,http://paid4share.net/privacy.html
website,epdf-tips,https://epdf.tips/,,https://epdf.pub/privacy
website,gas-electricity-uk-com,https://gas-electricity-uk.com/,,http://gas-electricity-uk.com/privacy-policy
website,mobile-phones-uk-org-uk,https://mobile-phones-uk.org.uk/,,http://www.s21.com/disclaimer.htm
website,gravenfun-com,https://gravenfun.com/,,https://www.gravenfun.com/privacy
website,ulprospector-com,https://ulprospector.com/,,https://www.ulprospector.com/en/Privacy
website,prowrestling-net,https://prowrestling.net/,,https://prowrestling.net/site/our-privacy-policy-at-prowrestling-net
website,donotcall-report,https://donotcall.report/,,http://privacypolicy.news/privacy-policy.html
website,500kproject-com,https://500kproject.com/,,http://privacypolicy.news/privacy-policy.html
website,allmovie-com,https://allmovie.com/,,https://www.rhythmone.com/privacy-policy
website,classifiedride-com,https://classifiedride.com/,,http://www.classifiedride.net/content/load/privacy
website,manga123-com,https://manga123.com/,,https://www.hugedomains.com/privacy_policy.cfm
website,motherhoodonadime-com,https://motherhoodonadime.com/,,http://www.motherhoodonadime.com/privacy-policy
website,christinagowns-com,https://christinagowns.com/,,http://www.christinagowns.com/terms_privacy.asp
website,thewaltdisneycompany-com,https://thewaltdisneycompany.com/,,http://corporate.disney.go.com/corporate/pp.html
website,customsearching-com,https://customsearching.com/,,http://www.godaddy.com/agreements/ShowDoc.aspx?pageid=privacy_parkedpage
website,freepresets-com,https://freepresets.com/,,https://www.freepresets.com/privacy
website,bbamantra-com,https://bbamantra.com/,,https://bbamantra.com/privacy-policy
website,koolred-com,https://koolred.com/,,http://koolred.com/privacy-policy
website,feedmyinbox-com,https://feedmyinbox.com/,,https://www.feedmyinbox.com/privacy-policy
website,holidays-net,https://holidays.net/,,http://www.holidays.net/policy.htm
website,flixify-hosting-com,https://flixify-hosting.com/,,https://flixify-hosting.com/privacy-policy.php
website,myanimalclips-com,https://myanimalclips.com/,,http://myanimalclips.com/privacy-policy
website,imwealthbuilders-com,https://imwealthbuilders.com/,,https://imwealthbuilders.com/legalstuff/index.html#content4-m
website,nokiavnn-com,https://nokiavnn.com/,,http://www.nokiavnn.com/privacy-policy
website,jyxf-net,https://jyxf.net/,,http://www.godaddy.com/agreements/ShowDoc.aspx?pageid=privacy_parkedpage
website,prageruniversity-com,https://prageruniversity.com/,,https://www.prageru.com/privacy
website,asmomseesit-com,https://asmomseesit.com/,,http://asmomseesit.com/as-mom-sees-it-privacy-policy
website,linuxgizmos-com,https://linuxgizmos.com/,,http://www.deviceguru.com/privacy
website,pirate-bay-net,https://pirate-bay.net/,,http://www.firstlook.com/?tmp=firstlook_privacy
website,historyinorbit-com,https://historyinorbit.com/,,http://www.historyinorbit.com/privacy-policy
website,wotclassic-com,https://wotclassic.com/,,http://legal.na.wargaming.net/privacy-policy
website,box-net,https://box.net/,,https://www.box.com/legal/privacypolicy
website,bannerflow-com,https://bannerflow.com/,,http://bannerflow.com/privacy
website,tailorstore-com,https://tailorstore.com/,,https://www.tailorstore.com/privacy
website,thedailyindia-in,https://thedailyindia.in/,,http://youmeandtrends.com/privacy
website,therepublic-com,https://therepublic.com/,,http://www.therepublic.com/privacy-policy
website,agar-io,https://agar.io/,,http://agar.io/privacy.txt
website,printable-coupons-blogspot-com,https://printable-coupons.blogspot.com/,,http://printable-coupons.blogspot.com/2015/05/privacy-policy.html
website,itbn-org,https://itbn.org/,,https://www.tbn.org/privacy
website,mysimplifieds-com,https://mysimplifieds.com/,,http://www.mysimplifieds.com/privacy-policy
website,coveteur-com,https://coveteur.com/,,http://coveteur.com/privacy-policy
website,supercrossonline-com,https://supercrossonline.com/,,https://corp.feldentertainment.com/privacy-policy
website,gameloft-org,https://gameloft.org/,,https://www.gameloft.com/en/privacy-notice
website,protectionthroughgold-com,https://protectionthroughgold.com/,,https://protectionthroughgold.com/privacy
website,tv-kino-net,https://tv-kino.net/,,http://privacypolicy.news/privacy-policy.html
website,npbs-co-uk,https://npbs.co.uk/,,http://www.nandp.co.uk/privacy-policy
website,magsformiles-com,https://magsformiles.com/,,http://www.timeinc.net/subs/privacy/synapse/magsformiles.html
website,esha-tv,https://esha.tv/,,http://www.esha.tv/page/privacy-policy
website,thejournal-ie,https://thejournal.ie/,,https://www.thejournal.ie/privacy
website,explainlife-com,https://explainlife.com/,,https://explainlife.com/privacy-policy
website,workingmothertv-com,https://workingmothertv.com/,,http://www.workingmothertv.com/privacy.html
website,texasseo-com,https://texasseo.com/,,http://rankaboveothers.com/privacy-policy
website,mgmresorts-com,https://mgmresorts.com/,,https://www.mgmresorts.com/en/privacy-policy.html
website,weirdspot-com,https://weirdspot.com/,,http://www.weirdbum.com/contact/privacy
website,freephototool-com,https://freephototool.com/,,https://www.freephototool.com/privacy-policy
website,adwaremedic-com,https://adwaremedic.com/,,https://www.malwarebytes.org/privacy
website,beesbeesbees-com,https://beesbeesbees.com/,,http://www.godaddy.com/agreements/ShowDoc.aspx?pageid=privacy_parkedpage
website,payjunction-com,https://payjunction.com/,,https://support.payjunction.com/hc/en-us/articles/211053648
website,exofire-net,https://exofire.net/,,http://exofire.net/privacy
website,redicecreations-com,https://redicecreations.com/,,https://redice.tv/privacy
website,kickass-so,https://kickass.so/,,http://kickass.so/privacy
website,caliser-com,https://caliser.com/,,http://caliser.com/privacy-policy
website,racgp-org-au,https://racgp.org.au/,,https://www.racgp.org.au/privacy-policy
website,91p16-space,https://91p16.space/,,http://privacypolicy.news/privacy-policy.html
website,wallpapermania-eu,https://wallpapermania.eu/,,http://www.wallpapermania.eu/page/privacy
website,wsoprofitexponential-com,https://wsoprofitexponential.com/,,http://wsoprofitexponential.com/privacy-policy
website,voyeur-russian-com,https://voyeur-russian.com/,,http://voyeur-russian.com/privacy.html
website,extron-com,https://extron.com/,,http://www.extron.com/company/article.aspx?id=privacystatement
website,gossip-mobile-com,https://gossip-mobile.com/,,http://privacypolicy.news/privacy-policy.html
website,laaptu-co-in,https://laaptu.co.in/,,http://laaptu.co.in/content/Privacy-Policy.html
website,topconsumergifts-com,https://topconsumergifts.com/,,http://topconsumergifts.com/info.htm?tp=privacy&promo_name=2808name&catalog_id=14862&gift=71
website,howtomakemoneywithoutspendingmoney-com,https://howtomakemoneywithoutspendingmoney.com/,,http://howtomakemoneywithoutspendingmoney.com/privacy-policy
website,streetsmartz-com,https://streetsmartz.com/,,http://streetsmartz.com/privacy
website,sciencepublishinggroup-com,https://sciencepublishinggroup.com/,,http://www.sciencepublishinggroup.com/info/privacypolicy
website,ighoot-com,https://ighoot.com/,,http://ighoot.com/privacy
website,begin-download-com,https://begin-download.com/,,http://begin-download.com/privacypolicy
website,deluxequiz-com,https://deluxequiz.com/,,http://www.deluxequiz.com/privacy-policy
website,youpost-org,https://youpost.org/,,http://www.youpost.org/index.php?view=page&pagename=privacy
website,affiliatefunnelsystem-com,https://affiliatefunnelsystem.com/,,http://www.affiliatefunnelsystem.com/privacy.html
website,securitystronghold-com,https://securitystronghold.com/,,https://securitystronghold.com/privacy-policy
website,hellonatural-co,https://hellonatural.co/,,https://helloglow.co/privacy-policy
website,wozaonline-co-za,https://wozaonline.co.za/,,http://www.google.co.za/intl/en/policies/privacy
website,hotlovetube-com,https://hotlovetube.com/,,http://hotlovetube.com/privacypolicy.html
website,sporttube-net,https://sporttube.net/,,http://www.godaddy.com/agreements/ShowDoc.aspx?pageid=privacy_parkedpage
website,dawnofwar2-com,https://dawnofwar2.com/,,http://www.dawnofwar2.com/privacy-policy
website,kb58-com,https://kb58.com/,,http://privacypolicy.news/privacy-policy.html
website,crymod-com,https://crymod.com/,,http://www.crytek.com/privacy
website,davidyurman-com,https://davidyurman.com/,,https://www.davidyurman.com/assistance/online-privacy-notice.html
website,uois7-com,https://uois7.com/,,http://whoisprivacyprotect.com/terms/privacy.html
website,fayobserver-com,https://fayobserver.com/,,http://www.gatehousemedia.com/privacy-policy
website,glassdoor-ie,https://glassdoor.ie/,,https://www.glassdoor.ie/about/privacy.htm
website,ur-shoes-biz,https://ur-shoes.biz/,,http://privacypolicy.news/privacy-policy.html
website,dezzal-com,https://dezzal.com/,,http://www.dezzal.com/privacy-policy
website,christiantoday-com,https://christiantoday.com/,,https://christiantoday.com/privacy-policy
website,theurbanlist-com,https://theurbanlist.com/,,https://www.theurbanlist.com/privacy
website,reflected-net,https://reflected.net/,,http://reflected.net/privacy_policy.php
website,kamair-com,https://kamair.com/,,https://www.kamair.com/privacy-policy
website,marketing91-com,https://marketing91.com/,,https://www.marketing91.com/privacy-policy
website,countingdownto-com,https://countingdownto.com/,,https://countingdownto.com/privacy-policy
website,930930-com,https://930930.com/,,http://www.lionmobi.com/privacy
website,hubsan-com,https://hubsan.com/,,https://www.hubsan.com/na/index.php?main_page=support&part=privacy
website,softensive-com,https://softensive.com/,,https://www.hugedomains.com/privacy_policy.cfm
website,articledirectory-name,https://articledirectory.name/,,http://www.articledirectory.name/privacy.php
website,vilvin-net,https://vilvin.net/,,http://www.vilvin.net/EN/privacy_policy
website,etsi-org,https://etsi.org/,,https://www.etsi.org/privacy
website,clapsnslaps-com,https://clapsnslaps.com/,,https://www.clapsnslaps.com/privacy
website,uspspostalone-com,https://uspspostalone.com/,,http://about.usps.com/who-we-are/privacy-policy/privacy-policy-highlights.htm
website,roberthalftechnology-com,https://roberthalftechnology.com/,,https://www.roberthalf.com/technology/privacy-policy
website,metageek-net,https://metageek.net/,,http://www.metageek.net/EditModule.aspx?tabid=442&def=Privacy
website,transunion-com,https://transunion.com/,,https://www.transunion.com/legal/privacy-policy
website,marshut-com,https://marshut.com/,,http://privacypolicy.news/privacy-policy.html
website,littlemonkeyscrochet-com,https://littlemonkeyscrochet.com/,,http://littlemonkeyscrochet.com/privacy-policy
website,listofbusinessdirectory-com,https://listofbusinessdirectory.com/,,http://www.godaddy.com/agreements/ShowDoc.aspx?pageid=privacy_parkedpage
website,jenkatgames-com,https://jenkatgames.com/,,http://www.jenkatgames.com/page/privacy-policy
website,filescacher-com,https://filescacher.com/,,http://filescacher.com/privacy
website,sprouts-com,https://sprouts.com/,,https://www.sprouts.com/privacy
website,pixorange-com,https://pixorange.com/,,http://pixorange.com/privacy-policy
website,dorcousa-com,https://dorcousa.com/,,https://www.dorcousa.com/privacy-policy
website,pojo-biz,https://pojo.biz/,,http://www.pojo.com/privacy.html
website,callandput-com,https://callandput.com/,,https://trading.callandput.com/en/privacy
website,quantumincomemachine-com,https://quantumincomemachine.com/,,http://quantumincomemachine.com/privacy.html
website,trex-com,https://trex.com/,,https://www.trex.com/footer/privacy-policy
website,parprogram-com,https://parprogram.com/,,https://parprogram.com/privacy-policy
website,toponereport-com,https://toponereport.com/,,http://www.toponereport.com/privacy
website,audioteka-com,https://audioteka.com/,,http://audioteka.com/PrivacyPolicy.html
website,boonex-com,https://boonex.com/,,https://www.boonex.com/privacy
website,tradeplusonline-com,https://tradeplusonline.com/,,https://www.tradeplusonline.com/Tradeplus-Privacy-Policy.aspx
website,mymusclevideo-com,https://mymusclevideo.com/,,https://mymusclevideo.com/static/privacy
website,windycitygridiron-com,https://windycitygridiron.com/,,https://www.voxmedia.com/legal/privacy-policy
website,careesma-in,https://careesma.in/,,https://www.careesma.in/privacy
website,thevirallane-com,https://thevirallane.com/,,http://www.thevirallane.com/privacy-policy
website,ratehub-ca,https://ratehub.ca/,,https://www.ratehub.ca/privacy
website,marketmastery-com,https://marketmastery.com/,,http://www.profitsrun.com/privacy-policy
website,proofpointessentials-com,https://proofpointessentials.com/,,https://www.proofpoint.com/us/privacy-policy
website,teamassociated-com,https://teamassociated.com/,,https://www.associatedelectrics.com/privacy
website,belugerinstudios-com,https://belugerinstudios.com/,,http://www.belugerinstudios.com/index.php?act=privacy
website,mccormick-com,https://mccormick.com/,,https://www.mccormick.com/privacy-policy
website,alltrophy-com,https://alltrophy.com/,,http://www.alltrophy.com/privacy-policy
website,photoguessaroo-com,https://photoguessaroo.com/,,https://www.hugedomains.com/privacy_policy.cfm
website,icfi-com,https://icfi.com/,,https://www.icf.com/legal/privacy-statement
website,musikmp3-eu,https://musikmp3.eu/,,http://musikmp3.eu/privacy.html
website,buildabear-com,https://buildabear.com/,,https://www.buildabear.com/privacy-policy.html
website,nfohump-com,https://nfohump.com/,,http://www.nfohump.com?switchto=tos
website,defenseonlinegames-com,https://defenseonlinegames.com/,,http://www.defenseonlinegames.com/privacy-policy.html
website,allresultbd-com,https://allresultbd.com/,,https://allresultbd.com/privacy-policy
website,sexintheuk-com,https://sexintheuk.com/,,http://app.sexintheuk.com/help/privacy.cfm
website,segoideas-com,https://segoideas.com/,,https://segoideas.com/privacy-policy
website,checkwhocalled-com,https://checkwhocalled.com/,,http://checkwhocalled.com/privacy
website,behappy-me,https://behappy.me/,,https://policies.google.com/privacy?hl=en_US
website,packagetrak-com,https://packagetrak.com/,,http://www.packagetrak.com/privacy-policy
website,edgeworldgame-com,https://edgeworldgame.com/,,https://www.kabam.com/corporate/privacy-policy
website,ecnresearch-com,https://ecnresearch.com/,,http://www.ecnresearch.com/privacy.htm
website,ferenc-biz,https://ferenc.biz/,,https://www.zazzle.com/mk/policy/privacy_policy
website,worldwidegolfshops-com,https://worldwidegolfshops.com/,,http://www.worldwidegolfshops.com/privacy-policy.aspx
website,ryanhanley-com,https://ryanhanley.com/,,http://www.ryanhanley.com/privacy-policy
website,alivematrix-com,https://alivematrix.com/,,http://www.godaddy.com/agreements/ShowDoc.aspx?pageid=privacy_parkedpage
website,vertoz-com,https://vertoz.com/,,https://www.vertoz.com/privacy-policy
website,alittlebiteoflife-net,https://alittlebiteoflife.net/,,http://www.godaddy.com/agreements/ShowDoc.aspx?pageid=privacy_parkedpage
website,audiodraft-com,https://audiodraft.com/,,https://www.audiodraft.com/legal/privacy
website,hotklix-com,https://hotklix.com/,,http://www.hotklix.com/privacy_policy
website,perfectdone-com,https://perfectdone.com/,,http://www.perfectdone.com/privacy.php
website,nwpubliclands-net,https://nwpubliclands.net/,,http://www.discovernw.org/privacy
website,freecodecamp-com,https://freecodecamp.com/,,http://www.freecodecamp.com/privacy
website,top500guide-com,https://top500guide.com/,,https://www.digitalcommerce360.com/privacy-policy/?utm_campaign=00%20-%20Web%20Site%20Tracking%20URLs%20-%20Footer%2FHeader%2FTouts&utm_source=DC360-Footer&utm_medium=Footer-Link
website,alghlaacom-com,https://alghlaacom.com/,,http://www.alghlaacom.com/privacy-policy
website,soccerlens-com,https://soccerlens.com/,,https://sportslens.com/privacy
website,amphotech-com,https://amphotech.com/,,http://www.godaddy.com/agreements/ShowDoc.aspx?pageid=privacy_parkedpage
website,dataplugs-com,https://dataplugs.com/,,http://www.dataplugs.com/en/company/policies/privacy-policy
website,giga-mails-com,https://giga-mails.com/,,http://www.giga-mails.com/pages/privacy.php?PHPSESSID=f6211da9f9f54acb815f73f7e36461f3rjwswizsnloydkgkyjzrdndvfh221657
website,alqudseyes-com,https://alqudseyes.com/,,https://www.hugedomains.com/privacy_policy.cfm
website,berlinlasers-com,https://berlinlasers.com/,,http://www.berlinlasers.com/privacy-policy
website,worthprotectionsecurity-com,https://worthprotectionsecurity.com/,,http://www.worthprotectionsecurity.com/privacy-statement
website,iphoneapplicationlist-com,https://iphoneapplicationlist.com/,,http://iphoneapplicationlist.com/privacy
website,decipherinc-com,https://decipherinc.com/,,http://www.decipherinc.com/n/privacy-policy
website,mpp-org,https://mpp.org/,,https://www.mpp.org/privacy-policy
website,base64encode-org,https://base64encode.org/,,https://www.base64encode.org/privacy
website,insparx-com,https://insparx.com/,,http://www.insparx.com/privacy.html
website,newvideoplayer-com,https://newvideoplayer.com/,,http://www.newvideoplayer.com/privacy.php
website,spinmedia-com,https://spinmedia.com/,,http://www.spinmedia.com/privacy-policy
website,pricesmart-com,https://pricesmart.com/,,https://shop.pricesmart.com/es/en/privacy
website,vasthits-com,https://vasthits.com/,,http://vasthits.com/?_w=privacy
website,upload-mn,https://upload.mn/,,http://whoisprivacyprotect.com/terms/privacy.html
website,skoolbo-com,https://skoolbo.com/,,https://skoolbo.com/privacy
website,astroyogi-com,https://astroyogi.com/,,http://www.astroyogi.com/policy.aspx
website,xgirlpredator-download,https://xgirlpredator.download/,,http://www.xgirlpredator.download/privacy_policy
website,tedswoodworking-com,https://tedswoodworking.com/,,https://www.tedswoodworking.com/new/privacy
website,kenhtingioitre-com,https://kenhtingioitre.com/,,http://whoisprivacyprotect.com/terms/privacy.html
website,wallpapers-fm,https://wallpapers.fm/,,http://www.wallpapers.fm/privacy-policy
website,eonline-com,https://eonline.com/,,https://www.nbcuniversal.com/privacy
website,twcnews-com,https://twcnews.com/,,http://twcnews.com/stories/2015/01/21/p/privacy-policy.html
website,ghetosearch-com,https://ghetosearch.com/,,http://www.fybersearch.com/privacy-policy.php
website,greenmountaincoffee-com,https://greenmountaincoffee.com/,,http://www.keurig.com/content/privacy-policy
website,vgreets-com,https://vgreets.com/,,http://www.vgreets.com/privacy.shtm
website,ko-fi-com,https://ko-fi.com/,,https://more.ko-fi.com/privacy
website,techbeatbox-com,https://techbeatbox.com/,,http://www.techbeatbox.com/privacy-policy
website,heinekeninternational-com,https://heinekeninternational.com/,,https://www.theheinekencompany.com/Privacy-Policy
website,get-covers-com,https://get-covers.com/,,http://www.get-covers.com/privacy-policy
website,ravetheweb-com,https://ravetheweb.com/,,http://www.godaddy.com/agreements/ShowDoc.aspx?pageid=privacy_parkedpage
website,seomadesimple-org,https://seomadesimple.org/,,http://seomadesimple.org/privacy-policy
website,vinescope-com,https://vinescope.com/,,http://vinescope.com/privacy_policy.html
website,bangstyle-com,https://bangstyle.com/,,https://www.bangstyle.com/privacy_policy
website,nbanews-us,https://nbanews.us/,,http://www.nbanews.us/?page_id=77
website,earthsky-org,https://earthsky.org/,,http://earthsky.org/privacy-policy
website,merriam-com,https://merriam.com/,,https://www.merriam-webster.com/privacy-policy
website,ideas-shared-com,https://ideas-shared.com/,,http://ideas-shared.com/privacy-policy
website,doeacc-edu-in,https://doeacc.edu.in/,,http://www.doeacc.edu.in/privacy.aspx
website,bdstall-com,https://bdstall.com/,,https://www.bdstall.com/privacyPolicy
website,discoverychannel-co-uk,https://discoverychannel.co.uk/,,https://www.discoveryuk.com/privacy-policy
website,find-com,https://find.com/,,http://www.find.com/privacy
website,karmacrm-com,https://karmacrm.com/,,http://www.karmacrm.com/privacy-policy
website,postonsocial-info,https://postonsocial.info/,,http://www.godaddy.com/agreements/ShowDoc.aspx?pageid=privacy_parkedpage
website,loanadministration-com,https://loanadministration.com/,,https://service.loanadministration.com/app/privacy_policy_2
website,euronews-com,https://euronews.com/,,http://euronews.com/privacy.html
website,apta-org,https://apta.org/,,http://www.apta.org/PrivacyPolicy
website,viahold-com,https://viahold.com/,,http://adf.ly/privacy
website,manualdirectorysubmit-com,https://manualdirectorysubmit.com/,,http://manualdirectorysubmit.com/privacy-policy
website,khalifatulmasih-org,https://khalifatulmasih.org/,,http://www.godaddy.com/agreements/ShowDoc.aspx?pageid=privacy_parkedpage
website,eouf-com,https://eouf.com/,,http://eouf.com/templates/elements/almondnet.html
website,zambiawatchdog-com,https://zambiawatchdog.com/,,https://www.zambiawatchdog.com/privacy
website,ezweb123-com,https://ezweb123.com/,,http://www.ezweb123.com/privacy.php
website,cubics-com,https://cubics.com/,,http://cubics.com/privacy-policy
website,bengali-mp3-net,https://bengali-mp3.net/,,https://bengalimp3downloads.com/privacy.php
website,mullvad-net,https://mullvad.net/,,https://mullvad.net/en/guides/no-logging-data-policy
website,seemuchmore-com,https://seemuchmore.com/,,https://www.vsp.com/privacy.html
website,information-seeking-com,https://information-seeking.com/,,http://information-seeking.com/privacy.html
website,onlinewritingjobs-com,https://onlinewritingjobs.com/,,https://www.onlinewritingjobs.com/privacy-policy
website,js-org,https://js.org/,,https://js.org/privacy.html
website,gigabyteupload-com,https://gigabyteupload.com/,,http://privacypolicy.news/privacy-policy.html
website,triviagenius-com,https://triviagenius.com/,,https://www.triviagenius.com/privacy-policy
website,mp3wix-co,https://mp3wix.co/,,http://www.godaddy.com/agreements/ShowDoc.aspx?pageid=privacy_parkedpage
website,allseated-com,https://allseated.com/,,http://www.allseated.com/privacy-policy
website,phx-co-in,https://phx.co.in/,,http://phx.co.in/privacy-policy.asp
website,gmdu-net,https://gmdu.net/,,https://www.gmdu.net/privacy.html
website,currentaffairs4examz-com,https://currentaffairs4examz.com/,,http://www.currentaffairs4examz.com/2011/12/privacy-policy.html
website,boards2go-com,https://boards2go.com/,,http://www.boards2go.com/privacy.html
website,extract-the-movie-com,https://extract-the-movie.com/,,https://www.yellowpagesdirectory.com/privacy_policies.php
website,scansoft-com,https://scansoft.com/,,https://www.nuance.com/about-us/company-policies/privacy-policies.html
website,pics24h-com,https://pics24h.com/,,http://www.pics24h.com/privacy-policy
website,publicholidays-com-au,https://publicholidays.com.au/,,https://publicholidays.com.au/privacy-policy
website,newbloggertips-com,https://newbloggertips.com/,,http://newbloggertips.com/p/privacy_policy.html
website,therichjerk-com,https://therichjerk.com/,,http://richjerk.com/members/legals/privacy-policy
website,afrindex-com,https://afrindex.com/,,http://facekobo.com/privacy-policy
website,transfermarkt-com,https://transfermarkt.com/,,https://www.transfermarkt.com/intern/datenschutz
website,lost-com,https://lost.com/,,http://lost.com/privacy.html
website,coleparmer-com,https://coleparmer.com/,,https://www.coleparmer.com/privacy-policy
website,blogsuccess-com,https://blogsuccess.com/,,http://blogsuccess.com/privacy
website,snapstream-com,https://snapstream.com/,,http://www.snapstream.com/privacy.asp
website,nielsennetpanel-com,https://nielsennetpanel.com/,,http://digitalvoice.nielsen.com/pnl/us/privacy_policy
website,drjays-com,https://drjays.com/,,https://www.drjays.com/content/customerservice/privacy_policy.html
website,gayvideospro-com,https://gayvideospro.com/,,http://www.gayvideospro.com/privacy_policy.php
website,riftherald-com,https://riftherald.com/,,https://www.voxmedia.com/legal/privacy-policy
website,c-span-org,https://c-span.org/,,https://www.c-span.org/about/privacy
website,panduit-com,https://panduit.com/,,http://www.panduit.com/AboutUs/PrivacyPolicy/046667
website,sothebyshomes-com,https://sothebyshomes.com/,,http://sothebyshomes.com/aboutus/privacypolicy
website,proxyjapan-nu,https://proxyjapan.nu/,,http://proxyjapan.nu/privacy.php
website,tubularinsights-com,https://tubularinsights.com/,,https://tubularinsights.com/privacy
website,smoke51-com,https://smoke51.com/,,http://www.smoke51.com/shop/privacy-policy
website,keywordrockstar-com,https://keywordrockstar.com/,,http://www.rockstarpowersuite.com/privacy-policy
website,srtvd-com,https://srtvd.com/,,http://news.alibaba.com/article/detail/help/100453303-1-privacy-policy.html
website,crcpress-com,https://crcpress.com/,,http://www.crcpress.com/contactus/privacypolicy
website,newagebd-net,https://newagebd.net/,,http://www.newagebd.net/page/36/Disclaimer-Privacy-Policy
website,guitarflash-com,https://guitarflash.com/,,https://www.gamesx.com.br/terms/privacy_en.asp
website,qandas-com,https://qandas.com/,,http://www.qandas.com/privacy
website,dayre-me,https://dayre.me/,,https://dayre.me/terms/privacy
website,updatepedia-com,https://updatepedia.com/,,http://www.updatepedia.com/privacy-policy
website,musicindiaonline-com,https://musicindiaonline.com/,,http://www.musicindiaonline.com/privacy
website,ama-ab-ca,https://ama.ab.ca/,,https://ama.ab.ca/about-ama/privacy-policy
website,gpf-comics-com,https://gpf-comics.com/,,https://www.gpf-comics.com/privacy.php
website,libertyfund-org,https://libertyfund.org/,,https://www.libertyfund.org/privacy-policy
website,learnphotoediting-net,https://learnphotoediting.net/,,http://www.learnphotoediting.net/policy.html
website,techgurulive-com,https://techgurulive.com/,,https://www.godaddy.com/Agreements/Privacy.aspx
website,books-by-isbn-com,https://books-by-isbn.com/,,http://books-by-isbn.com/imprint-FAQ.html
website,firstweber-com,https://firstweber.com/,,https://www.firstweber.com/privacy_policy.php
website,ucvhost-com,https://ucvhost.com/,,http://www.ucvhost.com/PrivacyPolicy.aspx
website,apkdads-com,https://apkdads.com/,,http://www.apkdad.com/privacy-policy
website,enterbookmarks-com,https://enterbookmarks.com/,,http://gulfadvert.com/privacy-policy.php
website,tellmemore-com,https://tellmemore.com/,,http://www.tellmemore.com/about/aboutus/mentions_legales
website,martship-com,https://martship.com/,,http://www.hugedomains.com/privacy_policy.cfm
website,virtualnerd-com,https://virtualnerd.com/,,http://www.pearsonschool.com/index.cfm?locator=PSZ19q
website,killzone-com,https://killzone.com/,,http://www.us.playstation.com/Support/PrivacyPolicy
website,ucbtheatre-com,https://ucbtheatre.com/,,https://ucbcomedy.com/privacy
website,miiduu-com,https://miiduu.com/,,http://www.miiduu.com/index/privacy
website,fsmb-org,https://fsmb.org/,,http://www.fsmb.org/about-fsmb/privacy-policy
website,24hourcampfire-com,https://24hourcampfire.com/,,https://24hourcampfire.com/privacy2.html
website,offertoro-com,https://offertoro.com/,,http://offertoro.com/privacy-policy
website,just-ask-kim-com,https://just-ask-kim.com/,,http://just-ask-kim.com/legal/privacy-policy
website,socialenterpriselive-com,https://socialenterpriselive.com/,,http://www.socialenterpriselive.com/page/privacy-policy
website,workingpreacher-org,https://workingpreacher.org/,,http://www.luthersem.edu/privacy
website,articlexplore-com,https://articlexplore.com/,,http://www.articlexplore.com/index.php?pagedb=privacy&PHPSESSID=d0eba3c9d9c267c133a2ff85f6fe6e19
website,sendinblue-com,https://sendinblue.com/,,https://www.sendinblue.com/legal/privacypolicy
website,designbyhumans-com,https://designbyhumans.com/,,https://www.designbyhumans.com/help/policies/privacy
website,cvsdude-com,https://cvsdude.com/,,http://www.collab.net/privacy
website,facefucking-com,https://facefucking.com/,,https://support.facialabuse.com/privacy.php?id=10
website,dogspot-in,https://dogspot.in/,,http://www.dogspot.in/shop-policy.php#privacy
website,global-exam-com,https://global-exam.com/,,https://global-exam.com/en/privacy
website,shetabdownload-com,https://shetabdownload.com/,,http://whoisprivacyprotect.com/terms/privacy.html
website,nvidia-in,https://nvidia.in/,,https://www.nvidia.com/en-in/about-nvidia/privacy-policy
website,replayfoot-com,https://replayfoot.com/,,http://www.replayfoot.com/privacy-policy
website,viralphotos-net,https://viralphotos.net/,,http://viralphotos.net/privacy
website,myweddingsongs-com,https://myweddingsongs.com/,,https://www.myweddingsongs.com/terms-privacy
website,drpeppertuition-com,https://drpeppertuition.com/,,http://www.drpeppersnapplegroup.com/privacy
website,xtream-codes-com,https://xtream-codes.com/,,https://xtream-codes.com/privacy.html
website,mohegunsun-com,https://mohegunsun.com/,,http://ctgambling.com/privacy_policy.php
website,iconpeak-com,https://iconpeak.com/,,http://iconpeak.com/privacy-policy
website,indiamart-com,https://indiamart.com/,,https://www.indiamart.com/privacy-policy.html
website,ohsohandy-com,https://ohsohandy.com/,,http://www.ohsohandy.com/pages/privacy
website,f1technical-net,https://f1technical.net/,,https://www.f1technical.net/pr/policy.php
website,afreecodec-com,https://afreecodec.com/,,http://www.afreecodec.com/privacy.html
website,torrentfunk2-com,https://torrentfunk2.com/,,https://www.torrentfunk2.com/privacy.html
website,jackson-rathbone-com,https://jackson-rathbone.com/,,http://fan-sites.org/get-hosted/privacy-policy
website,bgpaymail-com,https://bgpaymail.com/,,http://www.bgpaymail.com/pages/privacy.php
website,mekshq-com,https://mekshq.com/,,https://mekshq.com/privacy-policy
website,dolcetube-com,https://dolcetube.com/,,http://whoisprivacyprotect.com/terms/privacy.html
website,cdjapan-co-jp,https://cdjapan.co.jp/,,http://www.cdjapan.co.jp/guide/help/privacy_policy/privacy_policy
website,savedelete-com,https://savedelete.com/,,https://savedelete.com/privacy
website,shadi-com,https://shadi.com/,,https://www.shadi.com/privacy-policy
website,vtapersolution-com,https://vtapersolution.com/,,http://www.vtapersolution.com/privacy
website,lifelock-com,https://lifelock.com/,,https://www.lifelock.com/legal/privacy
website,livingdeal-com,https://livingdeal.com/,,https://livingdeal.com/pages/privacy-policy
website,wordstream-com,https://wordstream.com/,,https://www.wordstream.com/privacy-policy?camplink=mainfooter
website,playfree-org,https://playfree.org/,,https://www.myplaycity.com/privacy_policy
website,azacaz-com,https://azacaz.com/,,https://www.hugedomains.com/privacy_policy.cfm
website,mr-funny-com,https://mr-funny.com/,,http://www.mr-funny.com/privacy-policy
website,iearnsyria-org,https://iearnsyria.org/,,http://iearnsyria.org/privacy-policy
website,dubaidutyfreetennischampionships-com,https://dubaidutyfreetennischampionships.com/,,https://dubaidutyfreetennischampionships.com/privacy-policy
website,iframely-com,https://iframely.com/,,https://iframely.com/docs/privacy
website,aboutmyplace-co-uk,https://aboutmyplace.co.uk/,,http://www.rightmove.co.uk/this-site/terms-of-use-and-privacy-policy.html
website,zers-org,https://zers.org/,,http://www.zers.org/privacy
website,maturetimes-co-uk,https://maturetimes.co.uk/,,https://www.maturetimes.co.uk/privacy-cookie-policy
website,animewaffles-tv,https://animewaffles.tv/,,http://privacypolicy.news/privacy-policy.html
website,govtjobsblog-in,https://govtjobsblog.in/,,https://www.facebook.com/privacy/explanation
website,xepisodes-com,https://xepisodes.com/,,http://whoisprivacyprotect.com/terms/privacy.html
website,binary-options-method-com,https://binary-options-method.com/,,http://www.godaddy.com/agreements/ShowDoc.aspx?pageid=privacy_parkedpage
website,awesomerdp-com,https://awesomerdp.com/,,http://www.awesomerdp.com/privacy.html
website,fixfirmwares-com,https://fixfirmwares.com/,,http://fixfirmwares.com/privacy-policy-2
website,pickzup-com,https://pickzup.com/,,http://www.pickzup.com/PrivacyPolicy.pdf
website,justezine-com,https://justezine.com/,,http://justezine.com/privacy-policy
website,sonicgames-cc,https://sonicgames.cc/,,http://www.sonicgames.cc/privacy.html
website,tanzania-adventure-com,https://tanzania-adventure.com/,,https://www.tanzania-adventure.com/privacy-policy
website,techfudge-net,https://techfudge.net/,,http://techfudge.net/index.php/privacy-policy
website,swordcoast-com,https://swordcoast.com/,,http://store.steampowered.com/privacy_agreement
website,mysmartmove-com,https://mysmartmove.com/,,https://www.mysmartmove.com/SmartMove/privacy-policy.page
website,server-lu,https://server.lu/,,http://www.server.lu/about-privacy
website,landscapingdesignworld-com,https://landscapingdesignworld.com/,,http://www.godaddy.com/agreements/ShowDoc.aspx?pageid=privacy_parkedpage
website,extremepornvideos-com,https://extremepornvideos.com/,,http://extremepornvideos.com/privacy.html
website,spring4sims-com,https://spring4sims.com/,,http://spring4sims.com/privacy-policy
website,forexbrokersmetatrader-com,https://forexbrokersmetatrader.com/,,http://www.godaddy.com/agreements/ShowDoc.aspx?pageid=privacy_parkedpage
website,refinitiv-com,https://refinitiv.com/,,https://www.refinitiv.com/en/policies/privacy-statement
website,karnatakaeducation-net,https://karnatakaeducation.net/,,http://www.karnatakaeducation.net/privacy-policy.html
website,creepygif-com,https://creepygif.com/,,https://corp.cheezburger.com/privacy-policy
website,libhost-co,https://libhost.co/,,http://www.neustar.biz/privacy
website,usafa-edu,https://usafa.edu/,,http://www.usafa.af.mil/main/disclaimer.asp
website,freetutorials-us,https://freetutorials.us/,,https://www.freetutorials.us/privacy-policy-1
website,evilla-in,https://evilla.in/,,http://www.evilla.in/privacypolicy.html
website,idownloadunlimited-com,https://idownloadunlimited.com/,,http://idownloadunlimited.com/privacy.asp?q=Download&sw=1
website,amazingthingscom-com,https://amazingthingscom.com/,,http://whoisprivacyprotect.com/terms/privacy.html
website,gamepix-com,https://gamepix.com/,,https://www.gamepix.com/privacy-policy
website,glowpink-com,https://glowpink.com/,,https://glowpink.com/privacy-policy
website,crpf-nic-in,https://crpf.nic.in/,,http://crpf.nic.in/privacy-policy.htm
website,gamesmojo-com,https://gamesmojo.com/,,https://gamesmojo.com/privacy
website,greengeeks-com,https://greengeeks.com/,,https://www.greengeeks.com/legal/privacy
website,powerofpinning-com,https://powerofpinning.com/,,http://powerofpinning.com/privacy-policy
website,3qqq-cn,https://3qqq.cn/,,http://3qqq.cn/Privacy.html
website,creditsolutions-com,https://creditsolutions.com/,,http://www.creditsolutions.com/index.php/privacy-policy
website,media-io,https://media.io/,,https://www.wondershare.com/privacy.html
website,tresorit-com,https://tresorit.com/,,https://tresorit.com/privacy-policy
website,makingmusicfun-net,https://makingmusicfun.net/,,http://www.makingmusicfun.net/htm/tos.htm
website,costraden-com,https://costraden.com/,,http://www.costraden.com/privacy.html
website,incomeaccess-com,https://incomeaccess.com/,,http://incomeaccess.com/privacy-policy
website,webandcrafts-com,https://webandcrafts.com/,,http://webandcrafts.com/privacy_policy
website,dublinetwork-com,https://dublinetwork.com/,,https://www.dublinetwork.com/en/privacystatement.aspx
website,fha-com,https://fha.com/,,https://www.fha.com/privacy_policy
website,bit-url-com,https://bit-url.com/,,http://www.godaddy.com/agreements/ShowDoc.aspx?pageid=privacy_parkedpage
website,the-journal-com,https://the-journal.com/,,http://the-journal.com/common/advertise/privacy.htm
website,singlemommies-net,https://singlemommies.net/,,http://www.singlemommies.net/privacy-policy
website,songspk-mobi,https://songspk.mobi/,,https://songspk.mobi/page/privacy
website,bridgecrest-com,https://bridgecrest.com/,,https://myaccount.bridgecrest.com/PrivacyPolicy
website,vestedbb-com,https://vestedbb.com/,,https://www.vestedbb.com/privacy-policy
website,collegeboard-org,https://collegeboard.org/,,https://www.collegeboard.org/privacy-policy
website,keurig-com,https://keurig.com/,,https://www.keurig.com/content/privacy-policy
website,monaca-io,https://monaca.io/,,https://monaca.io/terms-of-service/policy.html
website,jeedoo-com,https://jeedoo.com/,,https://www.jeedoo.com/privacy-policy
website,slatedroid-com,https://slatedroid.com/,,https://www.verticalscope.com/site-privacy-policy/index.php?site=slatedroid.com
website,naval-technology-com,https://naval-technology.com/,,https://www.verdict.co.uk/privacy-policy
website,hobotraveler-com,https://hobotraveler.com/,,http://www.hobotraveler.com/privacy.shtml
website,y0um7-com,https://y0um7.com/,,http://www.godaddy.com/agreements/ShowDoc.aspx?pageid=privacy_parkedpage
website,ptcearns-com,https://ptcearns.com/,,http://privacypolicy.news/privacy-policy.html
website,corsair-com,https://corsair.com/,,http://www2.corsair.com/privacy_policy.aspx
website,packageintransit-com,https://packageintransit.com/,,http://legal.packageintransit.com/Home/Privacy?source=-lp0
website,filairsoft-com,https://filairsoft.com/,,http://filairsoft.com/modules.php?name=Docs&file=privacy
website,anh-usa-org,https://anh-usa.org/,,http://www.anh-usa.org/?page_id=1242
website,indiansexland-net,https://indiansexland.net/,,http://www.indiansexland.net/index.php?page=privacy
website,megom-tv,https://megom.tv/,,http://megom.tv/privacypolicy
website,mals-e-com,https://mals-e.com/,,https://www.mals-e.com/privacy.php
website,wowmovix-com,https://wowmovix.com/,,http://www.wowmovix.com/privacy.php
website,twinpods-com,https://twinpods.com/,,http://www.godaddy.com/agreements/ShowDoc.aspx?pageid=privacy_parkedpage
website,thewhitecompany-com,https://thewhitecompany.com/,,http://www.thewhitecompany.com/help/privacy-policy
website,wplift-com,https://wplift.com/,,https://wplift.com/privacy-policy
website,mixunit-com,https://mixunit.com/,,http://www.mixunit.com/index.asp?PageAction=Custom&ID=2
website,fileflyer-com,https://fileflyer.com/,,http://www.speedbit.com/Legal/PRIVACY.ASP
website,provenexpert-com,https://provenexpert.com/,,https://www.provenexpert.com/en-us/privacy-policy
website,troypoint-com,https://troypoint.com/,,https://troypoint.com/privacy-policy
website,studygroup-com,https://studygroup.com/,,http://corporate.studygroup.com/info/privacy-policy
website,ringsidenews-com,https://ringsidenews.com/,,https://www.ringsidenews.com/privacy-policy
website,flybe-com,https://flybe.com/,,https://www.flybe.com/flightinfo/privacy-policy
website,donlot-in,https://donlot.in/,,http://w3.donlot.in/privacy.html
website,learninghouse-com,https://learninghouse.com/,,https://www.learninghouse.com/privacy-policy
website,buscarenlaweb-com,https://buscarenlaweb.com/,,http://whoisprivacyprotect.com/terms/privacy.html
website,gaymaletube-name,https://gaymaletube.name/,,https://www.gaymaletube.name/privacy-policy
website,picsuploadz-com,https://picsuploadz.com/,,http://picsuploadz.com/info.php?act=privacy_policy
website,onlineschooladmissions-com,https://onlineschooladmissions.com/,,http://www.onlineschooladmissions.com/privacy.php
website,revolutionofgaming-com,https://revolutionofgaming.com/,,http://www.renegadegaming.com/index.php?option=com_content&view=article&id=13&Itemid=14
website,coschedule-com,https://coschedule.com/,,http://coschedule.com/privacy
website,pornrapidshare-com,https://pornrapidshare.com/,,http://pornrapidshare.com/pages/policy
website,vinefire-com,https://vinefire.com/,,https://www.hugedomains.com/privacy_policy.cfm
website,myvids-ws,https://myvids.ws/,,http://myvids.ws/static/privacy
website,slrlounge-com,https://slrlounge.com/,,https://www.slrlounge.com/privacy
website,newgadget-org,https://newgadget.org/,,http://www.newgadget.org/privacy-policy
website,redboxinstant-com,https://redboxinstant.com/,,http://www.redbox.com/privacy
website,jouyamanzali-info,https://jouyamanzali.info/,,http://www.godaddy.com/agreements/ShowDoc.aspx?pageid=privacy_parkedpage
website,2fortune-com,https://2fortune.com/,,https://shorturl.com/privacy_policy.html
website,justpagehost-com,https://justpagehost.com/,,http://whoisprivacyprotect.com/terms/privacy.html
website,bibleseries-tv,https://bibleseries.tv/,,https://www.lightworkers.com/privacy-policy
website,spideroak-com,https://spideroak.com/,,https://spideroak.com/privacy-policy
website,rechargeaddict-in,https://rechargeaddict.in/,,http://www.rechargeaddict.in/privacy
website,picclick-ca,https://picclick.ca/,,https://picclick.ca/pages/terms.html
website,popsop-com,https://popsop.com/,,http://popsop.com/privacy-policy
website,mediadis-com,https://mediadis.com/,,http://www.mediadis.com/services/services.asp?id=9
website,purduesports-com,https://purduesports.com/,,http://legalterms.cbsinteractive.com/privacy
website,technodify-com,https://technodify.com/,,http://www.technodify.com/privacy-policy
website,zrrs-info,https://zrrs.info/,,http://www.godaddy.com/agreements/ShowDoc.aspx?pageid=privacy_parkedpage
website,csuohio-edu,https://csuohio.edu/,,https://www.csuohio.edu/sites/default/files/CSU_Web_Privacy_Statement.pdf
website,leakingliquids-com,https://leakingliquids.com/,,http://secure.leakingliquids.com/information/privacy_policy.html
website,kayak-com,https://kayak.com/,,https://www.kayak.com/privacy
website,liketelevision-com,https://liketelevision.com/,,http://tesla.liketelevision.com/liketelevision/legal/privacy.php?theme=guide
website,disk-tools-com,https://disk-tools.com/,,https://www.disk-tools.com/privacy_policy
website,trendingwire-com,https://trendingwire.com/,,http://www.godaddy.com/agreements/ShowDoc.aspx?pageid=privacy_parkedpage
website,runwaysale-co-za,https://runwaysale.co.za/,,https://www.runwaysale.co.za/privacy-policy
website,linkis-com,https://linkis.com/,,http://linkis.com/privacy
website,indianotes-com,https://indianotes.com/,,http://www.indianotes.com/Privacy.html
website,godptc-com,https://godptc.com/,,http://www.easycloud.us/data/pages/privacy_policy
website,kpit-com,https://kpit.com/,,https://www.kpit.com/privacy-policy
website,v2-com,https://v2.com/,,https://www.v2.com/help/privacy-policy
website,scifi-com,https://scifi.com/,,http://nbcuni.com/privacy
website,marocbiz-info,https://marocbiz.info/,,http://marocbiz.info/privacy
website,durect-com,https://durect.com/,,http://www.durect.com/privacy-policy
website,yudala-com,https://yudala.com/,,http://www.yudala.com/privacy-policy
website,mlmbrothers-com,https://mlmbrothers.com/,,http://mlmbrothers.com/privacy-policy.php
website,cricut-com,https://cricut.com/,,http://us.cricut.com/home/legal/privacy-policy
website,saiglobal-com,https://saiglobal.com/,,http://www.saiglobal.com/corporate/policies/privacypolicy.htm
website,redeye-com,https://redeye.com/,,http://www.redeye.com/company/about-us/privacy-policy
website,ambitenergy-com,https://ambitenergy.com/,,https://www.ambitenergy.com/privacy
website,alpha-vision-com,https://alpha-vision.com/,,https://www.alpha-vision.com/privacy-policy
website,alienwarearena-com,https://alienwarearena.com/,,https://www.alienwarearena.com/legal/privacy
website,myincrediblerecipes-com,https://myincrediblerecipes.com/,,https://myincrediblerecipes.com/privacy-policy
website,behindthesigngiveaway-com,https://behindthesigngiveaway.com/,,http://koa.com/privacy
website,shareicon-net,https://shareicon.net/,,http://shareicon.net/privacy
website,patanjaliayurved-net,https://patanjaliayurved.net/,,http://patanjaliayurved.net/privacy
website,foodbeast-com,https://foodbeast.com/,,https://www.foodbeast.com/about/privacy
website,peoplesgasdelivery-com,https://peoplesgasdelivery.com/,,https://accel.peoplesgasdelivery.com/privacy.aspx
website,treyeats-com,https://treyeats.com/,,http://www.treyeats.com/privacypolicy
website,circuitstoday-com,https://circuitstoday.com/,,http://www.circuitstoday.com/privacy-policy
website,tubehuge-com,https://tubehuge.com/,,http://whoisprivacyprotect.com/terms/privacy.html
website,asapconnected-com,https://asapconnected.com/,,http://www.asapconnected.com/privacy-policy/privacy-policy-latest.html
website,helpshift-com,https://helpshift.com/,,https://www.helpshift.com/legal/privacy
website,agriculture-vic-gov-au,https://agriculture.vic.gov.au/,,http://agriculture.vic.gov.au/privacy
website,download-start-net,https://download-start.net/,,http://download-start.net/en/policy
website,centralpacificbank-com,https://centralpacificbank.com/,,https://www.centralpacificbank.com/content/additional/privacypolicy.shtm
website,2ksports-com,https://2ksports.com/,,http://www.take2games.com/privacy
website,functionfox-com,https://functionfox.com/,,http://functionfox.com/privacy.aspx
website,slickpanda-com,https://slickpanda.com/,,https://slickpanda.com/privacy-policy
website,one-time-offer-com,https://one-time-offer.com/,,http://www.webloyalty.com/private_policy.html
website,188bet-co-uk,https://188bet.co.uk/,,http://www.188bet.co.uk/en-gb/corporate-affairs/privacy-policy
website,arabshow-org,https://arabshow.org/,,http://privacypolicy.news/privacy-policy.html
website,homebuyinginstitute-com,https://homebuyinginstitute.com/,,http://www.homebuyinginstitute.com/privacy.php
website,playmediacenter-com,https://playmediacenter.com/,,http://www.playmediacenter.com/privacy.php
website,bnamericas-com,https://bnamericas.com/,,https://app.bnamericas.com/privacypolicy
website,lolhit-com,https://lolhit.com/,,http://lolhit.com/privacy.php
website,exxat-com,https://exxat.com/,,http://www.exxat.com/privacy-policy
website,urlsas-com,https://urlsas.com/,,https://www.hugedomains.com/privacy_policy.cfm
website,kickbox-io,https://kickbox.io/,,https://docs.kickbox.com/v2.0/docs/privacy-policy
website,cleartrip-ae,https://cleartrip.ae/,,https://www.cleartrip.ae/privacy
website,linkshub-me,https://linkshub.me/,,https://linkshub.trade/page/privacy
website,tunein-com,https://tunein.com/,,http://tunein.com/policies/privacy
website,cherrydale-com,https://cherrydale.com/,,https://cherrydale.com/Privacy_Policy
website,politicsdaily-com,https://politicsdaily.com/,,https://policies.oath.com/us/en/oath/privacy/index.html
website,efax-com,https://efax.com/,,http://www2.efax.com/privacy
website,fileextensiontype-com,https://fileextensiontype.com/,,http://fileextensiontype.com/privacypolicy.aspx
website,slivz-com,https://slivz.com/,,https://policies.yahoo.com/us/en/yahoo/privacy/index.htm
website,dancemania-biz,https://dancemania.biz/,,http://www.dancemania.biz/help.php?section=business
website,h5galgame-com,https://h5galgame.com/,,http://whoisprivacyprotect.com/terms/privacy.html
website,putlocker3-com,https://putlocker3.com/,,http://putlocker3.com/privacy-policy
website,my100bank-com,https://my100bank.com/,,https://www.my100bank.com/public/userfiles/Privacy_Stmt.pdf
website,play-spotify-com,https://play.spotify.com/,,https://www.spotify.com/legal/privacy-policy
website,native-ai,https://native.ai/,,https://www.native.ai/privacy
website,itqlick-com,https://itqlick.com/,,https://www.itqlick.com/Privacy
website,vlacs-org,https://vlacs.org/,,https://vlacs.org/privacy-policy
website,seedjung-com,https://seedjung.com/,,http://privacypolicy.news/privacy-policy.html
website,antivirus-live-com,https://antivirus-live.com/,,http://www.antivirus-live.com/policy.html
website,eltonjohn-com,https://eltonjohn.com/,,https://www.eltonjohn.com/privacy-policy
website,gabbybaby-com,https://gabbybaby.com/,,http://www.gabbybaby.com/privacy-policy
website,oneyearmba-co-in,https://oneyearmba.co.in/,,https://www.oneyearmba.co.in/privacy-policy
website,onlinemediamasters-com,https://onlinemediamasters.com/,,http://www.onlinemediamasters.com/privacy-policy
website,marketingdonut-co-uk,https://marketingdonut.co.uk/,,https://www.marketingdonut.co.uk/privacy-policy
website,stevebeckow-com,https://stevebeckow.com/,,http://goldenageofgaia.com/privacy-policy
website,crystalregistry-com,https://crystalregistry.com/,,http://www.godaddy.com/agreements/ShowDoc.aspx?pageid=privacy_parkedpage
website,americanjobsact-com,https://americanjobsact.com/,,http://www.democrats.org/privacy_policy
website,educationperfect-com,https://educationperfect.com/,,http://worldseries.educationperfect.com/privacy.html
website,minecraftskins-info,https://minecraftskins.info/,,http://www.minecraftskins.net/privacypolicy
website,sogoodblog-com,https://sogoodblog.com/,,http://www.sogoodblog.com/privacy-policy
website,pythonprogramming-net,https://pythonprogramming.net/,,https://www.pythonprogramming.net/about/privacy-policy
website,iswwwup-com,https://iswwwup.com/,,http://whoisprivacyprotect.com/terms/privacy.html
website,xxxymovies-com,https://xxxymovies.com/,,https://xxxymovies.com/privacy.php
website,borntohell-com,https://borntohell.com/,,http://borntohell.com/borntohell-privacy-policy
website,p2pguru-com,https://p2pguru.com/,,http://www.godaddy.com/agreements/ShowDoc.aspx?pageid=privacy_parkedpage
website,bookmarkin-com,https://bookmarkin.com/,,http://www.godaddy.com/agreements/ShowDoc.aspx?pageid=privacy_parkedpage
website,a2zindianews-com,https://a2zindianews.com/,,http://a2zindianews.com/privacy-policy
website,aquatuning-us,https://aquatuning.us/,,https://www.aquatuning.us/shop_content.php/coID/2
website,routeone-co-uk,https://routeone.co.uk/,,https://www.routeone.co.uk/customer/pages/privacy
website,petroldieselprice-com,https://petroldieselprice.com/,,http://www.petroldieselprice.com/privacy-policy
website,desenvolvimentodesites-net,https://desenvolvimentodesites.net/,,http://www.ipage.com/legal/legal_privacy.bml
website,shephertz-com,https://shephertz.com/,,http://www.shephertz.com/privacy_policy.php
website,philippines-mmm-net,https://philippines-mmm.net/,,http://philippines-mmm.net/privacy_policy
website,livinglanguage-com,https://livinglanguage.com/,,http://www.penguinrandomhouse.com/privacy
website,nyfa-edu,https://nyfa.edu/,,https://www.nyfa.edu/about/policy.php
website,mtlblog-com,https://mtlblog.com/,,https://www.mtlblog.com/privacy-policy
website,internationalwomensday-com,https://internationalwomensday.com/,,https://www.internationalwomensday.com/Privacy
website,ethos-io,https://ethos.io/,,https://www.ethos.io/ethos-privacy-policy
website,boredborg-com,https://boredborg.com/,,http://www.boredborg.com/privacy-policy
website,iw-ca,https://iw.ca/,,https://iweb.com/legal/privacy
website,ettv-tv,https://ettv.tv/,,http://ettv.com/pages/privacy.html
website,live-online-tv-com,https://live-online-tv.com/,,http://www.live-online-tv.com/tv/privacy.html
website,cc310admin-com,https://cc310admin.com/,,http://whoisprivacyprotect.com/terms/privacy.html
website,wupload-it,https://wupload.it/,,http://www.wupload.com/privacy-policy
website,myfunlife-com,https://myfunlife.com/,,http://myfunlife.com/legal/?type=privacy
website,eps-kdrama-com,https://eps-kdrama.com/,,http://eps-kdrama.com/privacy-policy
website,eliosh-info,https://eliosh.info/,,http://eliosh.info/privacy.html
website,allnewsnow-net,https://allnewsnow.net/,,http://whoisprivacyprotect.com/terms/privacy.html
website,clickvideo-org,https://clickvideo.org/,,https://www.google.com/intl/en/policies/privacy
website,fakehub-com,https://fakehub.com/,,https://www.fakehub.com/legal/privacy
website,iitjobs-com,https://iitjobs.com/,,http://www.iitjobs.com/PrivacyPolicy.aspx
website,mytimesplus-co-uk,https://mytimesplus.co.uk/,,http://www.newsprivacy.co.uk/single
website,mybbwgf-com,https://mybbwgf.com/,,http://mybbwgf.com/privacy
website,lyricskeeper-com,https://lyricskeeper.com/,,http://www.lyricskeeper.com/privacy.htm
website,nutraingredients-com,https://nutraingredients.com/,,http://www.william-reed.com/terms-conditions/privacy-policy
website,submitarticles-free-com,https://submitarticles-free.com/,,http://www.godaddy.com/agreements/ShowDoc.aspx?pageid=privacy_parkedpage
website,estudents-com,https://estudents.com/,,http://www.estudents.com/privacy.asp
website,statuspage-io,https://statuspage.io/,,http://www.atlassian.com/legal/privacy-policy
website,bzaaz-com,https://bzaaz.com/,,http://www.godaddy.com/agreements/ShowDoc.aspx?pageid=privacy_parkedpage
website,mrtzcmp3-net,https://mrtzcmp3.net/,,http://mrtzcmp3.net/Pages?i=PrivacyPolicy
website,tyroo-com,https://tyroo.com/,,http://www.tyroo.com/privacyPolicy.html
website,aoredi-com,https://aoredi.com/,,https://www.google.com/intl/en/policies/privacy
website,guitarprotabs-net,https://guitarprotabs.net/,,http://guitarprotabs.net/privacy
website,igbaffiliate-com,https://igbaffiliate.com/,,http://www.igbaffiliate.com/privacy-policy
website,ncees-org,https://ncees.org/,,https://ncees.org/supplemental/privacy
website,hotsptshld-com,https://hotsptshld.com/,,http://sp.uk.qbyrd.com/en/docs/about/privacy.shtml
website,humortube-org,https://humortube.org/,,http://humortube.org/page/privacy-policy
website,ntfs-com,https://ntfs.com/,,https://www.ntfs.com/privacy_terms.htm
website,lolwot-com,https://lolwot.com/,,https://www.lolwot.com/privacy
website,themeworld-com,https://themeworld.com/,,http://www.danworld.com/privacy.html
website,liasophia-com,https://liasophia.com/,,https://www.liasophia.com/privacy-policy
website,code42-com,https://code42.com/,,https://www.code42.com/privacy-statement
website,healthcastle-com,https://healthcastle.com/,,http://www.healthcastle.com/privacy-policy
website,ratebookmarks-com,https://ratebookmarks.com/,,http://www.quickebuy.com/pages/privacy.htm
website,easymoneymachines2-com,https://easymoneymachines2.com/,,http://easymoneymachines2.com/nmi/terms/privacy.html
website,funscrape-com,https://funscrape.com/,,https://www.funscrape.com/Home/PrivacyPolicy
website,pwinsider-com,https://pwinsider.com/,,https://www.pwinsider.com/privacy.php
website,phonebook-com-pk,https://phonebook.com.pk/,,http://phonebook.com.pk/static/privacypolicy.aspx
website,losrios-edu,https://losrios.edu/,,https://losrios.edu/about-us/our-values/website-privacy-policy
website,igem-org,https://igem.org/,,http://igem.org/Privacy_Policy
website,taylorswift-com,https://taylorswift.com/,,https://www.taylorswift.com/taylor-privacy-policy
website,goshenyun-com,https://goshenyun.com/,,http://www.shenyunperformingarts.org/privacy-policy
website,local21news-com,https://local21news.com/,,https://local21news.com/station/privacy
website,clixlife-com,https://clixlife.com/,,http://privacypolicy.news/privacy-policy.html
website,emdeon-com,https://emdeon.com/,,https://www.changehealthcare.com/privacy-notice
website,ultimatecashads-com,https://ultimatecashads.com/,,http://www.ultimatecashads.com/privacy.php
website,reuters-com,https://reuters.com/,,https://www.thomsonreuters.com/en/privacy-statement.html
website,lusoporno-com,https://lusoporno.com/,,http://lusoporno.com/privacy_policy.html
website,12frenz-com,https://12frenz.com/,,http://th.12frenz.com/frenzwap/privacyPolicy.do
website,compactappliance-com,https://compactappliance.com/,,https://www.compactappliance.com/cs%3A-other-information%3A-privacy-policy/PRIVACY_POLICY.html
website,joomla51-com,https://joomla51.com/,,https://www.joomla51.com/privacy-policy
website,short-funny-jokes-com,https://short-funny-jokes.com/,,http://short-funny-jokes.com/privacy-policy
website,cwsellors-co-uk,https://cwsellors.co.uk/,,https://www.cwsellors.co.uk/pages/privacy-policy
website,groundlink-com,https://groundlink.com/,,https://www.groundlink.com/privacy-policy
website,kulfikumar-com,https://kulfikumar.com/,,http://kulfikumar.com/privacy-policy-terms
website,hancockfabrics-com,https://hancockfabrics.com/,,https://www.michaels.com/your-privacy-rights/ca-your-privacy-rights.html
website,godaddy-co,https://godaddy.co/,,https://www.godaddy.com/agreements/showdoc.aspx?pageid=PRIVACY
website,themindunleashed-com,https://themindunleashed.com/,,https://themindunleashed.com/privacy-policy
website,dll-provider-com,https://dll-provider.com/,,http://www.dll-provider.com/privacy.html
website,edfenergy-com,https://edfenergy.com/,,https://www.edfenergy.com/terms-conditions/privacy-cookie-policy
website,ifcza-com,https://ifcza.com/,,http://privacypolicy.news/privacy-policy.html
website,ticketking-com,https://ticketking.com/,,https://www.mirvish.com/privacy-policy
website,zackdesign-biz,https://zackdesign.biz/,,http://www.zackdesign.biz/privacy.htm
website,prettycrappy-com,https://prettycrappy.com/,,http://www.godaddy.com/agreements/ShowDoc.aspx?pageid=privacy_parkedpage
website,allegiantdeals-com,https://allegiantdeals.com/,,http://www.allegiantair.com/aaPrivacyPolicy.php
website,etutorworld-net,https://etutorworld.net/,,https://www.etutorworld.com/privacy-policy.html
website,mypublisher-com,https://mypublisher.com/,,http://shutterflyinc.com/privacy.html
website,pakistantime-net,https://pakistantime.net/,,http://pakistantime.net/view_page.php?pid=2
website,caryoo-com,https://caryoo.com/,,http://www.caryoo.com/docs/privacy
website,quomon-com,https://quomon.com/,,http://quomon.com/Privacy.aspx
website,discretesearch-com,https://discretesearch.com/,,https://www.discretesearch.com/legal/siteprivacy
website,hackerzcity-net,https://hackerzcity.net/,,http://whoisprivacyprotect.com/terms/privacy.html
website,jigsaw-com,https://jigsaw.com/,,http://www.jigsaw.com/Privacy.jsp
website,shannonsviewfromhere-com,https://shannonsviewfromhere.com/,,http://shannonsviewfromhere.com/privacy-policy
website,pensio-com,https://pensio.com/,,https://altapay.com/about/privacy-policy
website,megaflix-net,https://megaflix.net/,,https://megaflix.net/privacy-policy
website,doyouremember-com,https://doyouremember.com/,,https://doyouremember.com/privacy
website,greatgames-me,https://greatgames.me/,,http://greatgames.me/page.php?id=privacy.html
website,squren-com,https://squren.com/,,http://squren.com/privacy.html
website,binance-vision,https://binance.vision/,,https://www.binance.com/statement.html
website,hellobrit-com,https://hellobrit.com/,,https://www.brit.co/privacy
website,mbaonline-com,https://mbaonline.com/,,http://www.onlinemba.com/privacy-policy
website,mcklinky-com,https://mcklinky.com/,,http://www.mcklinky.com/privacy-policy
website,flippyscripts-com,https://flippyscripts.com/,,https://www.flippyscripts.com/privacy-policy
website,postarticles-info,https://postarticles.info/,,http://postarticles.info/privacy.html
website,chalali-in,https://chalali.in/,,http://www.chalali.in/privacy-policy
website,content4social-com,https://content4social.com/,,http://www.godaddy.com/agreements/ShowDoc.aspx?pageid=privacy_parkedpage
website,twix1-com,https://twix1.com/,,http://www.twix1.com/privacy.html
website,gptclicks-com,https://gptclicks.com/,,http://gptclicks.com/privacy-policy
website,moviesstak-co,https://moviesstak.co/,,http://www.neustar.biz/privacy
website,electronichouse-com,https://electronichouse.com/,,https://www.electronichouse.com/privacy-policy
website,couponminister-in,https://couponminister.in/,,http://www.couponminister.in/privacy-policy
website,emag-co-uk,https://emag.co.uk/,,https://emag.co.uk/privacy
website,filesonic-pk,https://filesonic.pk/,,http://www.filesonic.com/privacy-policy
website,cuponation-in,https://cuponation.in/,,http://www.cuponation.in/privacy
website,bangkok925-com,https://bangkok925.com/,,http://bangkok925.com/privacy-policy-jewelry-wholesale-information-2.html
website,cfnc-org,https://cfnc.org/,,https://www.cfnc.org/global/privacy_policy.jsp
website,avstats-com,https://avstats.com/,,http://avstats.com/privacy.html
website,prosperityhotline-com,https://prosperityhotline.com/,,http://www.prosperityhotline.com/privacy-policy.html
website,nexgenforum-com,https://nexgenforum.com/,,https://www.hugedomains.com/privacy_policy.cfm
website,325x-com,https://325x.com/,,http://www.godaddy.com/agreements/ShowDoc.aspx?pageid=privacy_parkedpage
website,grahambrown-com,https://grahambrown.com/,,https://www.grahambrown.com/us/privacy-policy/gb-privacypolicy.html
website,index-of-mp3-com,https://index-of-mp3.com/,,http://www.index-of-mp3.com/index.php?do=privacy
website,cheathappens-com,https://cheathappens.com/,,https://www.cheathappens.com/privacypolicy.asp
website,articlemarketer-com,https://articlemarketer.com/,,http://www.hotpressarticles.com/privacy-policy.php
website,support-ecwid-com,https://support.ecwid.com/,,https://www.ecwid.com/privacy-policy
website,1077theend-com,https://1077theend.com/,,http://www.entercom.com/privacy-policy
website,a2zcolleges-com,https://a2zcolleges.com/,,http://www.a2zcolleges.com/privacy.htm
website,medylife-com,https://medylife.com/,,https://www.medylife.com/privacy-policy
website,deposts-com,https://deposts.com/,,http://deposts.com/privacy-policy-2
website,freeseoreport-com,https://freeseoreport.com/,,http://www.freeseoreport.com/privacy-policy
website,games-com,https://games.com/,,http://privacy.aol.com
website,dress-market-com,https://dress-market.com/,,https://www.sherrihill.com/privacy
website,ordering-co,https://ordering.co/,,https://www.ordering.co/privacy-policy
website,mrwhatis-net,https://mrwhatis.net/,,http://privacypolicy.news/privacy-policy.html
website,teknobites-com,https://teknobites.com/,,http://www.teknobites.com/disclaimer
website,tipandtrick-net,https://tipandtrick.net/,,http://www.tipandtrick.net/privacy-policy
website,netpointinsurance-com,https://netpointinsurance.com/,,http://netpointinsurance.com/privacy-policy
website,ukonline-co-uk,https://ukonline.co.uk/,,https://www.gtt.net/gb-en/privacy-policy
website,redshift3d-com,https://redshift3d.com/,,https://www.redshift3d.com/privacy-policy
website,whatisdibi-com,https://whatisdibi.com/,,http://www.dibiconference.com/privacy-policy
website,mtytrack-com,https://mtytrack.com/,,http://whoisprivacyprotect.com/terms/privacy.html
website,apnewstimes-com,https://apnewstimes.com/,,http://www.apnewstimes.com/privacy-policy
website,virtualworlddirect-com,https://virtualworlddirect.com/,,http://whoisprivacyprotect.com/terms/privacy.html
website,aboutgirlslove-com,https://aboutgirlslove.com/,,https://teenmegaworld.net/privacy.html
website,yotpo-com,https://yotpo.com/,,https://www.yotpo.com/privacy-policy
website,downloadinboxnow-com,https://downloadinboxnow.com/,,https://eula.mindspark.com/privacypolicy
website,targetstudy-com,https://targetstudy.com/,,https://targetstudy.com/company/privacy-policy.php
website,tubedupe-com,https://tubedupe.com/,,https://tubedupe.com/privacy
website,educanon-com,https://educanon.com/,,https://www.playposit.com/privacy
website,whatsinboston-com,https://whatsinboston.com/,,http://www.whatsinboston.com/privacy-policy
website,nationbuilder-com,https://nationbuilder.com/,,http://nationbuilder.com/privacy
website,brockport-edu,https://brockport.edu/,,https://www.brockport.edu/about/privacy
website,vanhoutte-be,https://vanhoutte.be/,,https://vanhoutte.be/privacy
website,yabuka-com,https://yabuka.com/,,http://yabuka.com/privacy
website,livedrive-com,https://livedrive.com/,,https://www2.livedrive.com/privacy-policy
website,myresellerhome-com,https://myresellerhome.com/,,https://myresellerhome.com/privacy-policy.html
website,costcoauto-com,https://costcoauto.com/,,http://www.costco.com/privacy-policy.html
website,tommiecopper-com,https://tommiecopper.com/,,https://www.tommiecopper.com/privacy-policy
website,camsearch-xyz,https://camsearch.xyz/,,https://camsearch.xyz/privacy
website,xinluhxlh-com,https://xinluhxlh.com/,,http://www.xinluhxlh.com/privacy-policy.html
website,gamingcloud-com,https://gamingcloud.com/,,http://www.gamingcloud.com/privacy.html
website,justerlaw-com,https://justerlaw.com/,,http://www.godaddy.com/agreements/ShowDoc.aspx?pageid=privacy_parkedpage
website,livecasinodirect-com,https://livecasinodirect.com/,,http://www.livecasinodirect.com/privacy
website,proboards-com,https://proboards.com/,,https://www.proboards.com/privacy
website,mp3soup-com,https://mp3soup.com/,,http://privacypolicy.news/privacy-policy.html
website,watchdbzsuper-com,https://watchdbzsuper.com/,,http://watchdbzsuper.com/privacy-policy
website,smarthealthmagazine-org,https://smarthealthmagazine.org/,,http://www.smarthealthmagazine.org/privacy
website,mywebsitesnetworth-com,https://mywebsitesnetworth.com/,,http://mywebsitesnetworth.com/privacy.html
website,articlewisdom-com,https://articlewisdom.com/,,http://www.articlewisdom.com/privacy.php
website,bts-gov,https://bts.gov/,,https://www.transportation.gov/dot-website-privacy-policy
website,google-com,https://google.com/,,https://www.google.com/intl/en/policies/privacy
website,yellowbook360-com,https://yellowbook360.com/,,http://www.yellowbook.com/privacy-policy
website,housebeautiful-com,https://housebeautiful.com/,,http://www.hearst.com/newsroom/us-magazines-privacy-notice
website,recipelink-com,https://recipelink.com/,,http://www.recipelink.com/privacy.html
website,schuster-com,https://schuster.com/,,https://www.simonandschuster.com/about/privacy_policy
website,unitestudents-com,https://unitestudents.com/,,http://www.unitestudents.com/privacy-policy
website,avisproductreviews-com,https://avisproductreviews.com/,,http://www.avisproductreviews.com/privacy-policy
website,gaydar-nl,https://gaydar.nl/,,https://www.gaydar.net/content/privacy
website,menhardatwork-com,https://menhardatwork.com/,,https://www.richard.xxx/privacy-policy.html
website,notehomepage-com,https://notehomepage.com/,,https://eula.mindspark.com/privacypolicy
website,cvpic-com,https://cvpic.com/,,https://www.domainmarket.com/privacy-policy
website,affiliateresurrection-com,https://affiliateresurrection.com/,,http://privacypolicy.news/privacy-policy.html
website,outofaces-com,https://outofaces.com/,,http://www.outofaces.com/privacy
website,alliphonewallpapers-com,https://alliphonewallpapers.com/,,http://www.alliphonewallpapers.com/privacy-policy
website,lulzandlaughs-com,https://lulzandlaughs.com/,,https://lulzandlaughs.com/privacy
website,lickherz-com,https://lickherz.com/,,http://lickherz.com/static/privacy
website,jopeshop-com,https://jopeshop.com/,,http://www.godaddy.com/agreements/ShowDoc.aspx?pageid=privacy_parkedpage
website,skymem-info,https://skymem.info/,,http://skymem.info/privacy-policy
website,jumia-ug,https://jumia.ug/,,https://www.jumia.ug/privacy-policy
website,buxptr-com,https://buxptr.com/,,http://privacypolicy.news/privacy-policy.html
website,fleaffair-com,https://fleaffair.com/,,http://www.fleaffair.com/privacy-policy.html
website,goplayer-cc,https://goplayer.cc/,,http://www.goplayer.cc/PrivacyPolicy.html
website,centos-org,https://centos.org/,,http://www.centos.org/legal/privacy
website,wyndhamvacationrentals-com,https://wyndhamvacationrentals.com/,,https://www.wyndhamvacationrentals.com/content/privacy-notice
website,dyndns-server-com,https://dyndns-server.com/,,https://dyn.com/legal/dyn-privacy-policy
website,greytip-in,https://greytip.in/,,https://www.greythr.com/privacy-policy
website,strategicprofits-com,https://strategicprofits.com/,,https://sites.agorafinancial.com/SHF/privacy.html
website,greekporntube-com,https://greekporntube.com/,,http://greekporntube.com/index.php?view=info_privacy
website,pitpass-com,https://pitpass.com/,,http://www.pitpass.com/src/static/pitpass_privacy.php
website,fb-me,https://fb.me/,,https://www.facebook.com/privacy/explanation
website,ebook-kings-com,https://ebook-kings.com/,,http://privacypolicy.news/privacy-policy.html
website,ied-edu-hk,https://ied.edu.hk/,,http://www.ied.edu.hk/web/policy.php
website,world-heart-federation-org,https://world-heart-federation.org/,,https://www.world-heart-federation.org/privacy-policy
website,unlockroot-com,https://unlockroot.com/,,https://www.cleverfiles.com/help/privacy-policy
website,official-drivers-com,https://official-drivers.com/,,http://www.official-drivers.com/installer/privacy.php
website,scrum-com,https://scrum.com/,,http://corporate.disney.go.com/corporate/pp.html
website,ammoseek-com,https://ammoseek.com/,,http://ammoseek.com/privacy.html
website,cashgenerator-co-uk,https://cashgenerator.co.uk/,,http://www.cashgenerator.co.uk/privacy-and-cookies
website,chettinad-net,https://chettinad.net/,,http://www.godaddy.com/agreements/ShowDoc.aspx?pageid=privacy_parkedpage
website,zen-cart-com,https://zen-cart.com/,,https://www.zen-cart.com/content.php?5-Privacy-Policy
website,ligatus-de,https://ligatus.de/,,https://www.ligatus.com/en/privacy-policy
website,smskhan-com,https://smskhan.com/,,http://www.smskhan.com/privacy-policy
website,octranspo-com,https://octranspo.com/,,http://www.octranspo.com/about-octranspo/privacy_policy
website,newlywedsurvival-com,https://newlywedsurvival.com/,,https://newlywedsurvival.com/privacy-policy
website,98766yu-com,https://98766yu.com/,,http://whoisprivacyprotect.com/terms/privacy.html
website,naughtymatches-com,https://naughtymatches.com/,,http://www.naughtymatches.com/site/privacy
website,widdit-com,https://widdit.com/,,http://www.widdit.com/privacy.aspx
website,qualcomm-com,https://qualcomm.com/,,https://www.qualcomm.com/site/privacy
website,hotels4u-com,https://hotels4u.com/,,http://www.hotels4u.com/privacypolicy.aspx
website,profootballweekly-com,https://profootballweekly.com/,,http://www.profootballweekly.com/privacy
website,mycontentbuilder-com,https://mycontentbuilder.com/,,https://www.hugedomains.com/privacy_policy.cfm
website,simpleoneclick-com,https://simpleoneclick.com/,,http://simpleoneclick.com/privacy.php
website,thesporttv-eu,https://thesporttv.eu/,,http://www.sporttvhdmi.com/privacy.html
website,tollytrendz-org,https://tollytrendz.org/,,http://tollytrendz.in/privacy-policy
website,sibcycline-com,https://sibcycline.com/,,https://www.sibcycline.com/privacy
website,royalnavy-mod-uk,https://royalnavy.mod.uk/,,https://www.royalnavy.mod.uk/privacy
website,tiava-com,https://tiava.com/,,http://www.tiava.com/privacy-policy
website,elections-ab-ca,https://elections.ab.ca/,,http://www.elections.ab.ca/privacy-security
website,thetaxadviser-com,https://thetaxadviser.com/,,https://www.aicpa.org/privacyandterms/privacy.html
website,era-com,https://era.com/,,https://www.era.com/footer_pages/privacy.jsp
website,admagy-com,https://admagy.com/,,http://admagy.com/privacy.php
website,hugefunbags-com,https://hugefunbags.com/,,http://www.livejasmin.com/info.php#privacy
website,economonitor-com,https://economonitor.com/,,http://www.rgemonitor.com/component/option,static/inc,privacy/Itemid,95
website,hdwallpapers-org,https://hdwallpapers.org/,,https://www.hdwallpapers.org/privacy-policy.html
website,geeksnack-com,https://geeksnack.com/,,http://geeksnack.com/about-geek-snack/privacy-policy
website,3xvsl-com,https://3xvsl.com/,,https://www.sellerator.com/privacy.html
website,waves-com,https://waves.com/,,https://www.waves.com/legal/privacy-policy
website,imgcrunch-com,https://imgcrunch.com/,,http://www.nbcuniversal.com/privacy
website,lolhappens-com,https://lolhappens.com/,,http://www.lolhappens.com/privacy-policy
website,tlc-direct-co-uk,https://tlc-direct.co.uk/,,http://www.tlc-direct.co.uk/Information/Privacy/Privacy.htm
website,speedycash-com,https://speedycash.com/,,https://www.speedycash.com/about-us/privacy-policy
website,moschino-it,https://moschino.it/,,https://www.moschino.com/us/Help/LegalArea/PrivacyPolicy
website,writework-com,https://writework.com/,,http://www.writework.com/privacy
website,hellomyanmar-net,https://hellomyanmar.net/,,http://whoisprivacyprotect.com/terms/privacy.html
website,getfansgetpaid-com,https://getfansgetpaid.com/,,http://www.mlsp.com/privacy
website,tradevv-com,https://tradevv.com/,,http://www.tradevv.com/about/policy.html
website,mooseroots-com,https://mooseroots.com/,,https://www.graphiq.com/privacy-policy
website,redfin-com,https://redfin.com/,,https://www.redfin.com/about/privacy-policy
website,gloriousa-com,https://gloriousa.com/,,http://www.gloriousa.com/privacy-policy
website,gametracker-com,https://gametracker.com/,,https://www.gametracker.com/legal/privacy
website,linkdominators-com,https://linkdominators.com/,,http://linkdominators.com/privacypolicy.html
website,ravishly-com,https://ravishly.com/,,https://ravishly.com/privacy-policy
website,petbreeds-com,https://petbreeds.com/,,https://www.graphiq.com/privacy-policy
website,googmei-info,https://googmei.info/,,http://www.godaddy.com/agreements/ShowDoc.aspx?pageid=privacy_parkedpage
website,savemyrupee-com,https://savemyrupee.com/,,https://www.savemyrupee.com/privacy.php
website,bigpicturebigsound-com,https://bigpicturebigsound.com/,,https://www.bigpicturebigsound.com/privacy.shtml
website,hyperlinklist-net,https://hyperlinklist.net/,,http://www.godaddy.com/agreements/ShowDoc.aspx?pageid=privacy_parkedpage
website,mrpccleaner-com,https://mrpccleaner.com/,,http://www.mrpccleaner.com/privacy-policy
website,rsymedia-com,https://rsymedia.com/,,http://www.rsymedian.com/privacy-policy.html
website,pacificpestinc-com,https://pacificpestinc.com/,,http://www.pacificpestinc.com/privacy-policy
website,kidney-org,https://kidney.org/,,https://www.kidney.org/about/privacy
website,dhamaal-com,https://dhamaal.com/,,http://www.dhamaal.com/privacy_policy
website,mandmdirect-com,https://mandmdirect.com/,,http://www.mandmdirect.com/Security.htm
website,theshadowsoftware-com,https://theshadowsoftware.com/,,http://www.godaddy.com/agreements/ShowDoc.aspx?pageid=privacy_parkedpage
website,sidearmsports-com,https://sidearmsports.com/,,http://www.sidearmsports.com/privacypolicy
website,luxurywatchexchange-com,https://luxurywatchexchange.com/,,https://www.luxurywatchexchange.com/privacy.asp
website,canadianliving-com,https://canadianliving.com/,,http://groupetva.ca/privacy-policy
website,jetcast-com,https://jetcast.com/,,http://www.jetcast.com/?page=legal&doc=privacy
website,act-org,https://act.org/,,https://www.act.org/content/act/en/privacy-policy.html
website,freevpn-zone,https://freevpn.zone/,,https://freevpn.zone/privacy.html
website,stressbondage-com,https://stressbondage.com/,,http://ww43.stressbondage.com/privacy_policy.php
website,crock-pot-com,https://crock-pot.com/,,https://www.crock-pot.com/privacy-policy.html
website,minti-com,https://minti.com/,,http://www.minti.com/privacy-policy
website,wolomarketing-com,https://wolomarketing.com/,,http://www.wolomarketing.com/privacy.html
website,prosebeforehos-com,https://prosebeforehos.com/,,http://www.pbh-network.com/privacy-policy
website,plusinv-com,https://plusinv.com/,,https://www.domainmarket.com/privacy-policy
website,gkicresourcecenter-com,https://gkicresourcecenter.com/,,http://store.gkic.com/privacy
website,bilio-com,https://bilio.com/,,http://www.squarespace.com/privacy
website,ovuline-com,https://ovuline.com/,,https://www.ovuline.com/privacy
website,wallpapergate-com,https://wallpapergate.com/,,http://bin63.com/privacy
website,science20-com,https://science20.com/,,https://www.science20.com/privacy.html
website,anilinkz-to,https://anilinkz.to/,,http://anilinkz.to/privacy-policy
website,eachine-com,https://eachine.com/,,http://www.eachine.com/privacy_policy.html
website,bookmarkalerts-info,https://bookmarkalerts.info/,,http://whoisprivacyprotect.com/terms/privacy.html
website,businessofsuccess-com,https://businessofsuccess.com/,,http://www.businessofsuccess.com/index.php?option=com_content&task=view&id=31&Itemid=43
website,searchfort-online,https://searchfort.online/,,http://www.blpsearch.com/privacy
website,publictechnology-net,https://publictechnology.net/,,http://www.dodsgroup.com/privacy-policy
website,unbxd-com,https://unbxd.com/,,https://unbxd.com/privacypolicy.htm
website,whoisprivacyprotect-com,https://whoisprivacyprotect.com/,,http://whoisprivacyprotect.com/terms/privacy.html
website,ivyexec-com,https://ivyexec.com/,,https://www.ivyexec.com/professionals/page/privacy-policy
website,logotournament-com,https://logotournament.com/,,https://logotournament.com/help/client/39
website,edmonton-ca,https://edmonton.ca/,,https://www.edmonton.ca/privacy.aspx
website,femdomtime-com,https://femdomtime.com/,,http://www.risecash.com/privacy.html
website,nsoftware-com,https://nsoftware.com/,,https://www.nsoftware.com/company/legal/privacy.aspx
website,icegay-tv,https://icegay.tv/,,https://www.icegay.tv/privacy-policy
website,vangoghgallery-com,https://vangoghgallery.com/,,https://www.vangoghgallery.com/misc/privacy_policy.html
website,smithsonianchannel-com,https://smithsonianchannel.com/,,https://www.smithsonianchannel.com/legal/privacy-policy
website,animationmagazine-net,https://animationmagazine.net/,,https://www.animationmagazine.net/privacy-policy
website,starpligg-com,https://starpligg.com/,,http://www.godaddy.com/agreements/ShowDoc.aspx?pageid=privacy_parkedpage
website,swing4ireland-com,https://swing4ireland.com/,,http://www.swing4ireland.com/privacy-policy.html
website,sbs-com-au,https://sbs.com.au/,,http://www.sbs.com.au/aboutus/corporate/view/id/113/h/SBS-Privacy-Statement
website,roadid-com,https://roadid.com/,,http://www.roadid.com/Common/privacy.aspx
website,tendacn-com,https://tendacn.com/,,http://www.tendacn.com/en/service/page/Privacy.html
website,capturedbloggingtips-com,https://capturedbloggingtips.com/,,http://capturedbloggingtips.com/privacy-policy
website,atlanticrecords-com,https://atlanticrecords.com/,,http://www.atlanticrecords.com/privacy-policy
website,expertvoice-com,https://expertvoice.com/,,https://www.expertvoice.com/business/privacy-policy
website,saveyourinternet-eu,https://saveyourinternet.eu/,,https://www.saveyourinternet.eu/privacy-policy
website,bookmarkshare-us,https://bookmarkshare.us/,,http://www.godaddy.com/agreements/ShowDoc.aspx?pageid=privacy_parkedpage
website,bahaldownload-com,https://bahaldownload.com/,,http://bahaldownload.com/index14cc.html?page_id=153
website,thegap-co-uk,https://thegap.co.uk/,,http://www.gap.co.uk/customerService/info.do?cid=2331
website,mysql-apache-php-com,https://mysql-apache-php.com/,,http://www.mysql-apache-php.com/privacy.htm
website,argoscruise-com,https://argoscruise.com/,,https://www.hugedomains.com/privacy_policy.cfm
website,thunderfap-com,https://thunderfap.com/,,http://www.thunderfap.com/privacy
website,animeout-com,https://animeout.com/,,https://www.animeout.xyz/privacy-policy
website,sleetherz-com,https://sleetherz.com/,,http://www.godaddy.com/agreements/ShowDoc.aspx?pageid=privacy_parkedpage
website,fetchr-us,https://fetchr.us/,,https://fetchr.us/privacy-policy
website,astrazeneca-com,https://astrazeneca.com/,,https://www.globalprivacy.astrazeneca.com
website,megaups-me,https://megaups.me/,,http://megaups.me/privacy
website,365dayclub-com,https://365dayclub.com/,,http://www.365dayclub.com/pages/privacy.php
website,14kate-com,https://14kate.com/,,http://www.14kate.com/PrivacyPolicy.php
website,cranfield-ac-uk,https://cranfield.ac.uk/,,https://www.cranfield.ac.uk/about/governance-and-policies/policies-and-regulations/privacy-policy
website,redfaction-com,https://redfaction.com/,,http://www.thq.com/us/pages/privacy
website,immigration-com,https://immigration.com/,,http://www.immigration.com/privacy.html
website,seflow-it,https://seflow.it/,,http://www.seflow.net/privacy-policy
website,beachbedandbreakfasts-com,https://beachbedandbreakfasts.com/,,https://www.hugedomains.com/privacy_policy.cfm
website,omd-com,https://omd.com/,,https://www.omd.com/privacy-policy
website,techsupportalert-com,https://techsupportalert.com/,,https://www.techsupportalert.com/privacy-policy.htm
website,realgfporn-com,https://realgfporn.com/,,http://www.realgfporn.com/privacy.php
website,tec-ads-com,https://tec-ads.com/,,http://www.tec-ads.com/privacy.html
website,informationworldnetwork-com,https://informationworldnetwork.com/,,http://www.informationworldnetwork.com/index.php/googleadsprivacypolicy.html
website,amcal-com-au,https://amcal.com.au/,,https://www.amcal.com.au/privacy-policy
website,mercedes-benz-net,https://mercedes-benz.net/,,https://www.mercedes-benz.com/en/mercedes-benz/providerprivacy-statement/privacy-statement
website,wendyshow-com,https://wendyshow.com/,,https://www.wendyshow.com/privacy-policy
website,leanstartupmachine-com,https://leanstartupmachine.com/,,http://www.godaddy.com/agreements/ShowDoc.aspx?pageid=privacy_parkedpage
website,2-soft-com,https://2-soft.com/,,http://www.ipage.com/legal/legal_privacy.bml
website,westminstercollege-edu,https://westminstercollege.edu/,,https://www.westminstercollege.edu/privacy
website,3amazing-com,https://3amazing.com/,,http://3amazing.com/#privacy
website,thomhartmann-com,https://thomhartmann.com/,,https://www.thomhartmann.com/privacy
website,all-games-download-com,https://all-games-download.com/,,http://www.godaddy.com/agreements/ShowDoc.aspx?pageid=privacy_parkedpage
website,shoprite-co-za,https://shoprite.co.za/,,http://www.shoprite.co.za/pages/127416071/Privacy-Policy.asp
website,tamiltunes-online,https://tamiltunes.online/,,https://tamiltunes.online/privacy-policy
website,nannodesign-blogspot-com,https://nannodesign.blogspot.com/,,http://nannodesign.blogspot.com/p/our-privacy-policy.html
website,gambitious-com,https://gambitious.com/,,http://www.goodshepherd.games/privacy
website,farmfreshtoyou-com,https://farmfreshtoyou.com/,,http://www.farmfreshtoyou.com/privacy-policy
website,sbobet-com,https://sbobet.com/,,http://info.sbobet.com/article/AA-00273
website,eazycheezy-net,https://eazycheezy.net/,,http://www.godaddy.com/agreements/ShowDoc.aspx?pageid=privacy_parkedpage
website,prongo-com,https://prongo.com/,,https://prongo.com/privacy-policy
website,mp3drug-com,https://mp3drug.com/,,http://mp3drug.to/legal/privacypolicy.html
website,adwerty-com,https://adwerty.com/,,http://whoisprivacyprotect.com/terms/privacy.html
website,optinprofits-com,https://optinprofits.com/,,http://www.autopilotinternetincome.com/privacyPolicy.html
website,cloudacl-com,https://cloudacl.com/,,http://www.cloudacl.com/privacy
website,iom-edu,https://iom.edu/,,http://www.nationalacademies.org/legal/privacy.html
website,avlib-in,https://avlib.in/,,http://www.avlib.in/privacy.html
website,imu-fm,https://imu.fm/,,https://get.fm/legal/privacy-policy/?menu=153
website,orvel-me,https://orvel.me/,,https://orvel.me/privacy-policy
website,foxtons-co-uk,https://foxtons.co.uk/,,https://www.foxtons.co.uk/help/termsconditions.html
website,ebilgames-com,https://ebilgames.com/,,http://ebilgames.com/ebil-privacy.asp
website,shareadult-com,https://shareadult.com/,,http://www.shareadult.com/amateurs/privacy.php
website,bbcearth-com,https://bbcearth.com/,,https://www.bbcstudios.com/privacy
website,witchvox-com,https://witchvox.com/,,http://www.witchvox.com/twv/privacy.html
website,shiftworship-com,https://shiftworship.com/,,https://shiftworship.com/privacy
website,music-megaupload-com,https://music-megaupload.com/,,http://whoisprivacyprotect.com/terms/privacy.html
website,saintsrowmods-com,https://saintsrowmods.com/,,https://www.saintsrowmods.com/forum/help/privacy-policy
website,esetme-com,https://esetme.com/,,https://www.eset.com/me/privacy
website,dotcom-tools-com,https://dotcom-tools.com/,,https://www.dotcom-monitor.com/privacy-policy
website,anitube-co,https://anitube.co/,,http://www.neustar.biz/privacy
website,pluggedin-com,https://pluggedin.com/,,http://www.focusonthefamily.com/about_us/privacy_policy.aspx
website,bestvaluevpn-com,https://bestvaluevpn.com/,,https://bestvaluevpn.com/privacy-policy
website,extremenicheempires-com,https://extremenicheempires.com/,,http://imsuccesscenter.com/privacy_policy
website,freeringers-net,https://freeringers.net/,,http://www.freeringers.net/privacy.php
website,worldsbiggests-com,https://worldsbiggests.com/,,http://www.worldsbiggests.com/p/privacy-policy.html
website,pacifichost-com,https://pacifichost.com/,,http://www.pacifichost.com/privacy-policy.shtml
website,craigslist-co-th,https://craigslist.co.th/,,https://www.craigslist.org/about/privacy.policy
website,hdwallsbox-com,https://hdwallsbox.com/,,https://hdwallsbox.com/privacy-policy
website,rushcard-com,https://rushcard.com/,,https://www.rushcard.com/legal/website-mobile-privacy-policy
website,volunteerspot-com,https://volunteerspot.com/,,https://www.volunteerspot.com/Privacy
website,abelinda-com,https://abelinda.com/,,http://hushcams.com/privacy
website,aljtmedia-com,https://aljtmedia.com/,,https://www.madebymagnitude.com/privacy-and-cookies
website,houstonpublicmedia-org,https://houstonpublicmedia.org/,,http://www.uhsystem.edu/privacy-notice
website,fiverrcdn-com,https://fiverrcdn.com/,,https://www.fiverr.com/privacy-policy
website,carolgames-com,https://carolgames.com/,,https://www.carolgames.com/article/privacy_policy
website,livetradingnews-com,https://livetradingnews.com/,,https://www.livetradingnews.com/contact-us/privacy-policy
website,euppublishing-com,https://euppublishing.com/,,https://www.euppublishing.com/privacy-policy
website,webmetrics-com,https://webmetrics.com/,,https://www.home.neustar/privacy
website,kitchenwaredirect-com-au,https://kitchenwaredirect.com.au/,,https://www.kitchenwarehouse.com.au/Security-Privacy
website,yiannopoulos-net,https://yiannopoulos.net/,,http://wiki-errors.com/privacy-policy
website,sweettoothrewards-com,https://sweettoothrewards.com/,,https://smile.io/privacy-policy
website,9999articles-com,https://9999articles.com/,,http://whoisprivacyprotect.com/terms/privacy.html
website,peer1-com,https://peer1.com/,,http://www.peer1.com/about-us/legal/privacy-policy
website,kesehatan-n-kecantikan-blogspot-com,https://kesehatan-n-kecantikan.blogspot.com/,,https://www.blogger.com/go/privacy
website,frc-all-music-com,https://frc-all-music.com/,,https://frc-all-music.com/page/13/privacy-policy
website,avos-com,https://avos.com/,,http://www.avos.com/privacy
website,canvasondemand-com,https://canvasondemand.com/,,https://www.canvasondemand.com/help/privacy-policy
website,wptwin-net,https://wptwin.net/,,http://wptwin.com/privacy.php
website,theintercept-com,https://theintercept.com/,,https://theintercept.com/privacy-policy
website,humoromg-com,https://humoromg.com/,,http://www.godaddy.com/agreements/ShowDoc.aspx?pageid=privacy_parkedpage
website,ernet-in,https://ernet.in/,,https://www.eis.ernet.in/content/privacy-policy
website,soccerlivestream-net,https://soccerlivestream.net/,,http://www.soccerlivestream.net/privacy-policy
website,ummah-com,https://ummah.com/,,http://www.ummah.com/privacy.html
website,highveld-co-za,https://highveld.co.za/,,http://www.primediabroadcasting.co.za/page/privacy-notice
website,gaf-com,https://gaf.com/,,https://www.gaf.com/en-us/our-company/privacy-and-legal/privacy-policy
website,mamapedia-com,https://mamapedia.com/,,https://www.mamapedia.com/static/privacy
website,japanator-com,https://japanator.com/,,http://www.japanator.com/post.phtml?pk=22803
website,90min-com,https://90min.com/,,https://www.90min.com/privacy
